Source Table,LGA,Year-Quarter,PTB Total Actual and Forecast,PTB Total Actual and Forecast  Lower  95%,PTB Total Actual and Forecast  Upper  95%,EPTB Total Actual and Forecast,EPTB Total Actual and Forecast  Lower  95%,EPTB Total Actual and Forecast  Upper  95%,lab diagnosed Actual and Forecast,lab diagnosed Actual and Forecast  Lower  95%,lab diagnosed Actual and Forecast  Upper  95%,clinically diagnosed Actual and Forecast,clinically diagnosed Actual and Forecast  Lower  95%,clinically diagnosed Actual and Forecast  Upper  95%,Total TB Cases notified Actual and Forecast,Total TB Cases notified Actual and Forecast  Lower  95%,Total TB Cases notified Actual and Forecast  Upper  95%
Original Data,Birnin Gwari,2019Q1,25,,,0,,,25,,,0,,,25,,
Original Data,Birnin Gwari,2019Q2,19,,,0,,,15,,,4,,,19,,
Original Data,Birnin Gwari,2019Q3,14,,,0,,,14,,,0,,,14,,
Original Data,Birnin Gwari,2019Q4,10,,,0,,,10,,,0,,,10,,
Original Data,Chikun,2019Q1,70,,,5,,,61,,,14,,,75,,
Original Data,Chikun,2019Q2,70,,,5,,,61,,,14,,,75,,
Original Data,Chikun,2019Q3,70,,,3,,,54,,,19,,,73,,
Original Data,Chikun,2019Q4,73,,,2,,,60,,,15,,,75,,
Original Data,Giwa,2019Q1,33,,,5,,,11,,,27,,,38,,
Original Data,Giwa,2019Q2,50,,,1,,,13,,,38,,,51,,
Original Data,Giwa,2019Q3,41,,,5,,,5,,,41,,,46,,
Original Data,Giwa,2019Q4,39,,,7,,,12,,,34,,,46,,
Original Data,Igabi,2019Q1,66,,,4,,,46,,,24,,,70,,
Original Data,Igabi,2019Q2,39,,,1,,,32,,,8,,,40,,
Original Data,Igabi,2019Q3,65,,,1,,,55,,,11,,,66,,
Original Data,Igabi,2019Q4,75,,,1,,,63,,,13,,,76,,
Original Data,Ikara,2019Q1,13,,,0,,,12,,,1,,,13,,
Original Data,Ikara,2019Q2,20,,,0,,,17,,,3,,,20,,
Original Data,Ikara,2019Q3,18,,,0,,,17,,,1,,,18,,
Original Data,Ikara,2019Q4,20,,,2,,,20,,,2,,,22,,
Original Data,Jaba,2019Q1,20,,,0,,,15,,,5,,,20,,
Original Data,Jaba,2019Q2,22,,,0,,,10,,,12,,,22,,
Original Data,Jaba,2019Q3,12,,,0,,,7,,,5,,,12,,
Original Data,Jaba,2019Q4,15,,,0,,,14,,,1,,,15,,
Original Data,Jema'A,2019Q1,51,,,0,,,41,,,10,,,51,,
Original Data,Jema'A,2019Q2,37,,,1,,,30,,,8,,,38,,
Original Data,Jema'A,2019Q3,57,,,1,,,41,,,17,,,58,,
Original Data,Jema'A,2019Q4,43,,,0,,,39,,,4,,,43,,
Original Data,Kachia,2019Q1,43,,,0,,,43,,,0,,,43,,
Original Data,Kachia,2019Q2,44,,,0,,,43,,,1,,,44,,
Original Data,Kachia,2019Q3,82,,,0,,,82,,,0,,,82,,
Original Data,Kachia,2019Q4,79,,,0,,,78,,,1,,,79,,
Original Data,Kaduna North,2019Q1,144,,,9,,,88,,,65,,,153,,
Original Data,Kaduna North,2019Q2,152,,,27,,,102,,,77,,,179,,
Original Data,Kaduna North,2019Q3,157,,,24,,,107,,,74,,,181,,
Original Data,Kaduna North,2019Q4,165,,,11,,,126,,,50,,,176,,
Original Data,Kaduna South,2019Q1,152,,,6,,,104,,,54,,,158,,
Original Data,Kaduna South,2019Q2,189,,,10,,,130,,,69,,,199,,
Original Data,Kaduna South,2019Q3,181,,,7,,,124,,,64,,,188,,
Original Data,Kaduna South,2019Q4,175,,,9,,,111,,,73,,,184,,
Original Data,Kagarko,2019Q1,18,,,0,,,17,,,1,,,18,,
Original Data,Kagarko,2019Q2,23,,,0,,,23,,,0,,,23,,
Original Data,Kagarko,2019Q3,9,,,2,,,9,,,2,,,11,,
Original Data,Kagarko,2019Q4,16,,,0,,,16,,,0,,,16,,
Original Data,Kajuru,2019Q1,10,,,0,,,8,,,2,,,10,,
Original Data,Kajuru,2019Q2,10,,,0,,,8,,,2,,,10,,
Original Data,Kajuru,2019Q3,20,,,0,,,20,,,0,,,20,,
Original Data,Kajuru,2019Q4,21,,,0,,,21,,,0,,,21,,
Original Data,Kaura,2019Q1,31,,,0,,,24,,,7,,,31,,
Original Data,Kaura,2019Q2,14,,,0,,,9,,,5,,,14,,
Original Data,Kaura,2019Q3,18,,,0,,,14,,,4,,,18,,
Original Data,Kaura,2019Q4,21,,,1,,,16,,,6,,,22,,
Original Data,Kauru,2019Q1,12,,,0,,,9,,,3,,,12,,
Original Data,Kauru,2019Q2,13,,,0,,,9,,,4,,,13,,
Original Data,Kauru,2019Q3,22,,,0,,,22,,,0,,,22,,
Original Data,Kauru,2019Q4,18,,,1,,,18,,,1,,,19,,
Original Data,Kubau,2019Q1,15,,,0,,,13,,,2,,,15,,
Original Data,Kubau,2019Q2,19,,,0,,,18,,,1,,,19,,
Original Data,Kubau,2019Q3,17,,,0,,,16,,,1,,,17,,
Original Data,Kubau,2019Q4,20,,,0,,,20,,,0,,,20,,
Original Data,Kudan,2019Q1,13,,,0,,,7,,,6,,,13,,
Original Data,Kudan,2019Q2,11,,,0,,,8,,,3,,,11,,
Original Data,Kudan,2019Q3,12,,,0,,,7,,,5,,,12,,
Original Data,Kudan,2019Q4,23,,,0,,,17,,,6,,,23,,
Original Data,Lere,2019Q1,29,,,1,,,28,,,2,,,30,,
Original Data,Lere,2019Q2,24,,,1,,,20,,,5,,,25,,
Original Data,Lere,2019Q3,23,,,1,,,21,,,3,,,24,,
Original Data,Lere,2019Q4,26,,,1,,,23,,,4,,,27,,
Original Data,Makarfi,2019Q1,23,,,1,,,14,,,10,,,24,,
Original Data,Makarfi,2019Q2,29,,,1,,,21,,,9,,,30,,
Original Data,Makarfi,2019Q3,34,,,0,,,15,,,19,,,34,,
Original Data,Makarfi,2019Q4,43,,,0,,,26,,,17,,,43,,
Original Data,Sabon Gari,2019Q1,34,,,0,,,29,,,5,,,34,,
Original Data,Sabon Gari,2019Q2,45,,,2,,,38,,,9,,,47,,
Original Data,Sabon Gari,2019Q3,60,,,1,,,51,,,10,,,61,,
Original Data,Sabon Gari,2019Q4,91,,,0,,,60,,,31,,,91,,
Original Data,Sanga,2019Q1,30,,,0,,,25,,,5,,,30,,
Original Data,Sanga,2019Q2,26,,,0,,,24,,,2,,,26,,
Original Data,Sanga,2019Q3,40,,,0,,,32,,,8,,,40,,
Original Data,Sanga,2019Q4,29,,,0,,,23,,,6,,,29,,
Original Data,Soba,2019Q1,12,,,0,,,11,,,1,,,12,,
Original Data,Soba,2019Q2,9,,,0,,,6,,,3,,,9,,
Original Data,Soba,2019Q3,17,,,0,,,14,,,3,,,17,,
Original Data,Soba,2019Q4,17,,,0,,,13,,,4,,,17,,
Original Data,Zangon Kataf,2019Q1,22,,,1,,,20,,,3,,,23,,
Original Data,Zangon Kataf,2019Q2,34,,,0,,,14,,,20,,,34,,
Original Data,Zangon Kataf,2019Q3,22,,,5,,,14,,,13,,,27,,
Original Data,Zangon Kataf,2019Q4,25,,,0,,,16,,,9,,,25,,
Original Data,Zaria,2019Q1,74,,,19,,,60,,,33,,,93,,
Original Data,Zaria,2019Q2,91,,,10,,,78,,,23,,,101,,
Original Data,Zaria,2019Q3,101,,,17,,,87,,,31,,,118,,
Original Data,Zaria,2019Q4,103,,,23,,,93,,,33,,,126,,
Original Data,Birnin Gwari,2020Q1,13,,,0,,,13,,,0,,,13,,
Original Data,Birnin Gwari,2020Q2,14,,,0,,,14,,,0,,,14,,
Original Data,Birnin Gwari,2020Q3,23,,,0,,,19,,,4,,,23,,
Original Data,Birnin Gwari,2020Q4,46,,,0,,,45,,,1,,,46,,
Original Data,Chikun,2020Q1,81,,,0,,,57,,,24,,,81,,
Original Data,Chikun,2020Q2,61,,,1,,,46,,,16,,,62,,
Original Data,Chikun,2020Q3,67,,,1,,,54,,,14,,,68,,
Original Data,Chikun,2020Q4,66,,,0,,,54,,,12,,,66,,
Original Data,Giwa,2020Q1,60,,,6,,,21,,,45,,,66,,
Original Data,Giwa,2020Q2,27,,,6,,,4,,,29,,,33,,
Original Data,Giwa,2020Q3,39,,,14,,,19,,,34,,,53,,
Original Data,Giwa,2020Q4,44,,,14,,,30,,,28,,,58,,
Original Data,Igabi,2020Q1,60,,,0,,,58,,,2,,,60,,
Original Data,Igabi,2020Q2,41,,,2,,,39,,,4,,,43,,
Original Data,Igabi,2020Q3,70,,,0,,,62,,,8,,,70,,
Original Data,Igabi,2020Q4,99,,,0,,,91,,,8,,,99,,
Original Data,Ikara,2020Q1,16,,,1,,,15,,,2,,,17,,
Original Data,Ikara,2020Q2,19,,,0,,,18,,,1,,,19,,
Original Data,Ikara,2020Q3,14,,,0,,,10,,,4,,,14,,
Original Data,Ikara,2020Q4,31,,,0,,,28,,,3,,,31,,
Original Data,Jaba,2020Q1,15,,,0,,,6,,,9,,,15,,
Original Data,Jaba,2020Q2,13,,,0,,,6,,,7,,,13,,
Original Data,Jaba,2020Q3,10,,,0,,,3,,,7,,,10,,
Original Data,Jaba,2020Q4,13,,,0,,,7,,,6,,,13,,
Original Data,Jema'A,2020Q1,45,,,1,,,40,,,6,,,46,,
Original Data,Jema'A,2020Q2,37,,,2,,,34,,,5,,,39,,
Original Data,Jema'A,2020Q3,48,,,0,,,41,,,7,,,48,,
Original Data,Jema'A,2020Q4,57,,,0,,,45,,,12,,,57,,
Original Data,Kachia,2020Q1,146,,,2,,,146,,,2,,,148,,
Original Data,Kachia,2020Q2,127,,,0,,,124,,,3,,,127,,
Original Data,Kachia,2020Q3,140,,,1,,,133,,,8,,,141,,
Original Data,Kachia,2020Q4,167,,,0,,,156,,,11,,,167,,
Original Data,Kaduna North,2020Q1,165,,,13,,,124,,,54,,,178,,
Original Data,Kaduna North,2020Q2,184,,,6,,,160,,,30,,,190,,
Original Data,Kaduna North,2020Q3,251,,,5,,,220,,,36,,,256,,
Original Data,Kaduna North,2020Q4,321,,,14,,,268,,,67,,,335,,
Original Data,Kaduna South,2020Q1,224,,,9,,,141,,,92,,,233,,
Original Data,Kaduna South,2020Q2,192,,,16,,,90,,,118,,,208,,
Original Data,Kaduna South,2020Q3,211,,,8,,,137,,,82,,,219,,
Original Data,Kaduna South,2020Q4,235,,,4,,,173,,,66,,,239,,
Original Data,Kagarko,2020Q1,13,,,0,,,11,,,2,,,13,,
Original Data,Kagarko,2020Q2,14,,,3,,,14,,,3,,,17,,
Original Data,Kagarko,2020Q3,12,,,1,,,12,,,1,,,13,,
Original Data,Kagarko,2020Q4,26,,,0,,,26,,,0,,,26,,
Original Data,Kajuru,2020Q1,18,,,0,,,18,,,0,,,18,,
Original Data,Kajuru,2020Q2,21,,,0,,,19,,,2,,,21,,
Original Data,Kajuru,2020Q3,23,,,0,,,23,,,0,,,23,,
Original Data,Kajuru,2020Q4,29,,,0,,,23,,,6,,,29,,
Original Data,Kaura,2020Q1,19,,,0,,,16,,,3,,,19,,
Original Data,Kaura,2020Q2,20,,,0,,,18,,,2,,,20,,
Original Data,Kaura,2020Q3,18,,,0,,,15,,,3,,,18,,
Original Data,Kaura,2020Q4,20,,,0,,,15,,,5,,,20,,
Original Data,Kauru,2020Q1,20,,,0,,,20,,,0,,,20,,
Original Data,Kauru,2020Q2,22,,,0,,,22,,,0,,,22,,
Original Data,Kauru,2020Q3,32,,,0,,,30,,,2,,,32,,
Original Data,Kauru,2020Q4,78,,,0,,,78,,,0,,,78,,
Original Data,Kubau,2020Q1,16,,,1,,,14,,,3,,,17,,
Original Data,Kubau,2020Q2,21,,,0,,,18,,,3,,,21,,
Original Data,Kubau,2020Q3,29,,,0,,,29,,,0,,,29,,
Original Data,Kubau,2020Q4,33,,,0,,,33,,,0,,,33,,
Original Data,Kudan,2020Q1,18,,,1,,,13,,,6,,,19,,
Original Data,Kudan,2020Q2,10,,,0,,,7,,,3,,,10,,
Original Data,Kudan,2020Q3,22,,,0,,,21,,,1,,,22,,
Original Data,Kudan,2020Q4,29,,,0,,,25,,,4,,,29,,
Original Data,Lere,2020Q1,32,,,0,,,30,,,2,,,32,,
Original Data,Lere,2020Q2,28,,,0,,,25,,,3,,,28,,
Original Data,Lere,2020Q3,30,,,0,,,19,,,11,,,30,,
Original Data,Lere,2020Q4,47,,,1,,,38,,,10,,,48,,
Original Data,Makarfi,2020Q1,34,,,0,,,21,,,13,,,34,,
Original Data,Makarfi,2020Q2,34,,,1,,,24,,,11,,,35,,
Original Data,Makarfi,2020Q3,35,,,0,,,17,,,18,,,35,,
Original Data,Makarfi,2020Q4,60,,,0,,,37,,,23,,,60,,
Original Data,Sabon Gari,2020Q1,45,,,0,,,36,,,9,,,45,,
Original Data,Sabon Gari,2020Q2,70,,,0,,,47,,,23,,,70,,
Original Data,Sabon Gari,2020Q3,79,,,0,,,74,,,5,,,79,,
Original Data,Sabon Gari,2020Q4,87,,,0,,,70,,,17,,,87,,
Original Data,Sanga,2020Q1,31,,,0,,,22,,,9,,,31,,
Original Data,Sanga,2020Q2,20,,,1,,,17,,,4,,,21,,
Original Data,Sanga,2020Q3,32,,,1,,,30,,,3,,,33,,
Original Data,Sanga,2020Q4,20,,,1,,,16,,,5,,,21,,
Original Data,Soba,2020Q1,17,,,0,,,15,,,2,,,17,,
Original Data,Soba,2020Q2,19,,,2,,,19,,,2,,,21,,
Original Data,Soba,2020Q3,38,,,0,,,35,,,3,,,38,,
Original Data,Soba,2020Q4,51,,,0,,,45,,,6,,,51,,
Original Data,Zangon Kataf,2020Q1,34,,,0,,,21,,,13,,,34,,
Original Data,Zangon Kataf,2020Q2,15,,,16,,,15,,,16,,,31,,
Original Data,Zangon Kataf,2020Q3,41,,,0,,,29,,,12,,,41,,
Original Data,Zangon Kataf,2020Q4,50,,,0,,,43,,,7,,,50,,
Original Data,Zaria,2020Q1,119,,,14,,,109,,,24,,,133,,
Original Data,Zaria,2020Q2,148,,,10,,,131,,,27,,,158,,
Original Data,Zaria,2020Q3,190,,,8,,,184,,,14,,,198,,
Original Data,Zaria,2020Q4,219,,,11,,,202,,,28,,,230,,
Original Data,Birin Gwari,2021Q1,29,,,0,,,20,,,9,,,29,,
Original Data,Birin Gwari,2021Q2,75,,,0,,,48,,,27,,,75,,
Original Data,Birin Gwari,2021Q3,50,,,0,,,49,,,1,,,50,,
Original Data,Birin Gwari,2021Q4,105,,,0,,,84,,,21,,,105,,
Original Data,Chikun,2021Q1,91,,,4,,,70,,,25,,,95,,
Original Data,Chikun,2021Q2,123,,,0,,,117,,,6,,,123,,
Original Data,Chikun,2021Q3,146,,,1,,,142,,,5,,,147,,
Original Data,Chikun,2021Q4,337,,,2,,,313,,,26,,,339,,
Original Data,Giwa,2021Q1,59,,,12,,,34,,,37,,,71,,
Original Data,Giwa,2021Q2,127,,,9,,,102,,,34,,,136,,
Original Data,Giwa,2021Q3,222,,,11,,,213,,,20,,,233,,
Original Data,Giwa,2021Q4,498,,,14,,,485,,,27,,,512,,
Original Data,Igabi,2021Q1,100,,,0,,,89,,,11,,,100,,
Original Data,Igabi,2021Q2,89,,,0,,,75,,,14,,,89,,
Original Data,Igabi,2021Q3,109,,,0,,,83,,,26,,,109,,
Original Data,Igabi,2021Q4,191,,,0,,,162,,,29,,,191,,
Original Data,Ikara,2021Q1,19,,,0,,,14,,,5,,,19,,
Original Data,Ikara,2021Q2,26,,,0,,,21,,,5,,,26,,
Original Data,Ikara,2021Q3,29,,,0,,,23,,,6,,,29,,
Original Data,Ikara,2021Q4,36,,,0,,,22,,,14,,,36,,
Original Data,Jaba,2021Q1,23,,,0,,,5,,,18,,,23,,
Original Data,Jaba,2021Q2,24,,,0,,,9,,,15,,,24,,
Original Data,Jaba,2021Q3,25,,,0,,,19,,,6,,,25,,
Original Data,Jaba,2021Q4,18,,,0,,,14,,,4,,,18,,
Original Data,Jemaa,2021Q1,61,,,0,,,42,,,19,,,61,,
Original Data,Jemaa,2021Q2,90,,,0,,,66,,,24,,,90,,
Original Data,Jemaa,2021Q3,118,,,1,,,89,,,30,,,119,,
Original Data,Jemaa,2021Q4,132,,,0,,,112,,,20,,,132,,
Original Data,Kachia,2021Q1,176,,,0,,,168,,,8,,,176,,
Original Data,Kachia,2021Q2,259,,,0,,,242,,,17,,,259,,
Original Data,Kachia,2021Q3,213,,,0,,,212,,,1,,,213,,
Original Data,Kachia,2021Q4,284,,,0,,,277,,,7,,,284,,
Original Data,Kaduna North,2021Q1,356,,,3,,,319,,,40,,,359,,
Original Data,Kaduna North,2021Q2,370,,,3,,,344,,,29,,,373,,
Original Data,Kaduna North,2021Q3,402,,,2,,,280,,,124,,,404,,
Original Data,Kaduna North,2021Q4,487,,,1,,,379,,,109,,,488,,
Original Data,Kaduna South,2021Q1,278,,,14,,,181,,,111,,,292,,
Original Data,Kaduna South,2021Q2,239,,,10,,,145,,,104,,,249,,
Original Data,Kaduna South,2021Q3,250,,,3,,,148,,,105,,,253,,
Original Data,Kaduna South,2021Q4,278,,,7,,,176,,,109,,,285,,
Original Data,Kagarko,2021Q1,20,,,0,,,20,,,0,,,20,,
Original Data,Kagarko,2021Q2,18,,,0,,,18,,,0,,,18,,
Original Data,Kagarko,2021Q3,32,,,0,,,32,,,0,,,32,,
Original Data,Kagarko,2021Q4,20,,,0,,,20,,,0,,,20,,
Original Data,Kajuru,2021Q1,34,,,0,,,29,,,5,,,34,,
Original Data,Kajuru,2021Q2,90,,,0,,,84,,,6,,,90,,
Original Data,Kajuru,2021Q3,105,,,0,,,102,,,3,,,105,,
Original Data,Kajuru,2021Q4,136,,,0,,,135,,,1,,,136,,
Original Data,Kaura,2021Q1,40,,,0,,,34,,,6,,,40,,
Original Data,Kaura,2021Q2,24,,,0,,,22,,,2,,,24,,
Original Data,Kaura,2021Q3,12,,,0,,,12,,,0,,,12,,
Original Data,Kaura,2021Q4,25,,,0,,,20,,,5,,,25,,
Original Data,Kauru,2021Q1,113,,,0,,,112,,,1,,,113,,
Original Data,Kauru,2021Q2,167,,,0,,,167,,,0,,,167,,
Original Data,Kauru,2021Q3,199,,,0,,,199,,,0,,,199,,
Original Data,Kauru,2021Q4,285,,,0,,,285,,,0,,,285,,
Original Data,Kubau,2021Q1,39,,,0,,,36,,,3,,,39,,
Original Data,Kubau,2021Q2,43,,,0,,,41,,,2,,,43,,
Original Data,Kubau,2021Q3,42,,,0,,,41,,,1,,,42,,
Original Data,Kubau,2021Q4,62,,,0,,,60,,,2,,,62,,
Original Data,Kudan,2021Q1,20,,,1,,,17,,,4,,,21,,
Original Data,Kudan,2021Q2,23,,,0,,,19,,,4,,,23,,
Original Data,Kudan,2021Q3,32,,,0,,,28,,,4,,,32,,
Original Data,Kudan,2021Q4,36,,,0,,,33,,,3,,,36,,
Original Data,Lere,2021Q1,49,,,0,,,37,,,12,,,49,,
Original Data,Lere,2021Q2,57,,,0,,,49,,,8,,,57,,
Original Data,Lere,2021Q3,44,,,0,,,32,,,12,,,44,,
Original Data,Lere,2021Q4,58,,,0,,,54,,,4,,,58,,
Original Data,Markarfi,2021Q1,58,,,0,,,36,,,22,,,58,,
Original Data,Markarfi,2021Q2,59,,,1,,,40,,,20,,,60,,
Original Data,Markarfi,2021Q3,70,,,0,,,44,,,26,,,70,,
Original Data,Markarfi,2021Q4,91,,,0,,,60,,,31,,,91,,
Original Data,Sabon Gari,2021Q1,66,,,0,,,55,,,11,,,66,,
Original Data,Sabon Gari,2021Q2,82,,,0,,,60,,,22,,,82,,
Original Data,Sabon Gari,2021Q3,107,,,0,,,89,,,18,,,107,,
Original Data,Sabon Gari,2021Q4,119,,,0,,,96,,,23,,,119,,
Original Data,Sanga,2021Q1,27,,,1,,,22,,,6,,,28,,
Original Data,Sanga,2021Q2,25,,,0,,,21,,,4,,,25,,
Original Data,Sanga,2021Q3,22,,,0,,,18,,,4,,,22,,
Original Data,Sanga,2021Q4,20,,,0,,,5,,,15,,,20,,
Original Data,Soba,2021Q1,43,,,0,,,42,,,1,,,43,,
Original Data,Soba,2021Q2,54,,,1,,,52,,,3,,,55,,
Original Data,Soba,2021Q3,54,,,0,,,44,,,10,,,54,,
Original Data,Soba,2021Q4,45,,,0,,,42,,,3,,,45,,
Original Data,Zangon Kataf,2021Q1,56,,,0,,,45,,,11,,,56,,
Original Data,Zangon Kataf,2021Q2,61,,,1,,,48,,,14,,,62,,
Original Data,Zangon Kataf,2021Q3,52,,,1,,,40,,,13,,,53,,
Original Data,Zangon Kataf,2021Q4,63,,,1,,,56,,,8,,,64,,
Original Data,Zaria,2021Q1,174,,,15,,,153,,,36,,,189,,
Original Data,Zaria,2021Q2,253,,,25,,,241,,,37,,,278,,
Original Data,Zaria,2021Q3,343,,,14,,,331,,,26,,,357,,
Original Data,Zaria,2021Q4,423,,,7,,,373,,,57,,,430,,
Original Data,Birin Gwari,2022Q1,120,,,0,,,115,,,5,,,120,,
Original Data,Birin Gwari,2022Q2,109,,,0,,,87,,,22,,,109,,
Original Data,Birin Gwari,2022Q3,103,,,0,,,57,,,46,,,103,,
Original Data,Birin Gwari,2022Q4,146,,,0,,,114,,,32,,,146,,
Original Data,Chikun,2022Q1,318,,,1,,,298,,,21,,,319,,
Original Data,Chikun,2022Q2,243,,,0,,,233,,,10,,,243,,
Original Data,Chikun,2022Q3,376,,,0,,,332,,,44,,,376,,
Original Data,Chikun,2022Q4,457,,,0,,,426,,,31,,,457,,
Original Data,Giwa,2022Q1,516,,,7,,,495,,,28,,,523,,
Original Data,Giwa,2022Q2,390,,,26,,,385,,,31,,,416,,
Original Data,Giwa,2022Q3,546,,,26,,,528,,,44,,,572,,
Original Data,Giwa,2022Q4,576,,,1,,,553,,,24,,,577,,
Original Data,Igabi,2022Q1,148,,,0,,,124,,,24,,,148,,
Original Data,Igabi,2022Q2,153,,,0,,,128,,,25,,,153,,
Original Data,Igabi,2022Q3,243,,,0,,,227,,,16,,,243,,
Original Data,Igabi,2022Q4,252,,,0,,,198,,,54,,,252,,
Original Data,Ikara,2022Q1,38,,,1,,,26,,,13,,,39,,
Original Data,Ikara,2022Q2,39,,,1,,,31,,,9,,,40,,
Original Data,Ikara,2022Q3,41,,,0,,,34,,,7,,,41,,
Original Data,Ikara,2022Q4,58,,,1,,,11,,,48,,,59,,
Original Data,Jaba,2022Q1,35,,,0,,,24,,,11,,,35,,
Original Data,Jaba,2022Q2,20,,,0,,,14,,,6,,,20,,
Original Data,Jaba,2022Q3,48,,,0,,,45,,,3,,,48,,
Original Data,Jaba,2022Q4,66,,,0,,,58,,,8,,,66,,
Original Data,Jemaa,2022Q1,129,,,0,,,100,,,29,,,129,,
Original Data,Jemaa,2022Q2,157,,,1,,,136,,,22,,,158,,
Original Data,Jemaa,2022Q3,269,,,0,,,226,,,43,,,269,,
Original Data,Jemaa,2022Q4,384,,,0,,,307,,,77,,,384,,
Original Data,Kachia,2022Q1,363,,,0,,,348,,,15,,,363,,
Original Data,Kachia,2022Q2,383,,,0,,,360,,,23,,,383,,
Original Data,Kachia,2022Q3,496,,,0,,,462,,,34,,,496,,
Original Data,Kachia,2022Q4,495,,,0,,,462,,,33,,,495,,
Original Data,Kaduna North,2022Q1,624,,,13,,,515,,,122,,,637,,
Original Data,Kaduna North,2022Q2,712,,,5,,,634,,,83,,,717,,
Original Data,Kaduna North,2022Q3,715,,,6,,,523,,,198,,,721,,
Original Data,Kaduna North,2022Q4,1010,,,6,,,754,,,262,,,1016,,
Original Data,Kaduna South,2022Q1,315,,,9,,,220,,,104,,,324,,
Original Data,Kaduna South,2022Q2,319,,,8,,,216,,,111,,,327,,
Original Data,Kaduna South,2022Q3,367,,,11,,,281,,,97,,,378,,
Original Data,Kaduna South,2022Q4,487,,,8,,,373,,,122,,,495,,
Original Data,Kagarko,2022Q1,35,,,0,,,34,,,1,,,35,,
Original Data,Kagarko,2022Q2,39,,,0,,,39,,,0,,,39,,
Original Data,Kagarko,2022Q3,73,,,0,,,73,,,0,,,73,,
Original Data,Kagarko,2022Q4,202,,,0,,,201,,,1,,,202,,
Original Data,Kajuru,2022Q1,179,,,0,,,176,,,3,,,179,,
Original Data,Kajuru,2022Q2,211,,,0,,,208,,,3,,,211,,
Original Data,Kajuru,2022Q3,253,,,0,,,250,,,3,,,253,,
Original Data,Kajuru,2022Q4,283,,,0,,,270,,,13,,,283,,
Original Data,Kaura,2022Q1,22,,,0,,,19,,,3,,,22,,
Original Data,Kaura,2022Q2,41,,,0,,,36,,,5,,,41,,
Original Data,Kaura,2022Q3,43,,,0,,,41,,,2,,,43,,
Original Data,Kaura,2022Q4,82,,,0,,,68,,,14,,,82,,
Original Data,Kauru,2022Q1,397,,,0,,,397,,,0,,,397,,
Original Data,Kauru,2022Q2,396,,,0,,,396,,,0,,,396,,
Original Data,Kauru,2022Q3,544,,,0,,,493,,,51,,,544,,
Original Data,Kauru,2022Q4,597,,,0,,,294,,,303,,,597,,
Original Data,Kubau,2022Q1,70,,,0,,,64,,,6,,,70,,
Original Data,Kubau,2022Q2,60,,,0,,,55,,,5,,,60,,
Original Data,Kubau,2022Q3,90,,,0,,,88,,,2,,,90,,
Original Data,Kubau,2022Q4,93,,,1,,,87,,,7,,,94,,
Original Data,Kudan,2022Q1,39,,,0,,,34,,,5,,,39,,
Original Data,Kudan,2022Q2,39,,,0,,,36,,,3,,,39,,
Original Data,Kudan,2022Q3,56,,,0,,,52,,,4,,,56,,
Original Data,Kudan,2022Q4,60,,,0,,,56,,,4,,,60,,
Original Data,Lere,2022Q1,50,,,1,,,46,,,5,,,51,,
Original Data,Lere,2022Q2,45,,,0,,,41,,,4,,,45,,
Original Data,Lere,2022Q3,43,,,0,,,38,,,5,,,43,,
Original Data,Lere,2022Q4,64,,,0,,,58,,,6,,,64,,
Original Data,Makarfi,2022Q1,75,,,0,,,52,,,23,,,75,,
Original Data,Makarfi,2022Q2,83,,,0,,,60,,,23,,,83,,
Original Data,Makarfi,2022Q3,141,,,0,,,98,,,43,,,141,,
Original Data,Makarfi,2022Q4,152,,,0,,,96,,,56,,,152,,
Original Data,Sabon Gari,2022Q1,163,,,0,,,139,,,24,,,163,,
Original Data,Sabon Gari,2022Q2,204,,,0,,,190,,,14,,,204,,
Original Data,Sabon Gari,2022Q3,342,,,0,,,324,,,18,,,342,,
Original Data,Sabon Gari,2022Q4,348,,,0,,,311,,,37,,,348,,
Original Data,Sanga,2022Q1,34,,,0,,,20,,,14,,,34,,
Original Data,Sanga,2022Q2,36,,,0,,,20,,,16,,,36,,
Original Data,Sanga,2022Q3,24,,,0,,,18,,,6,,,24,,
Original Data,Sanga,2022Q4,42,,,0,,,30,,,12,,,42,,
Original Data,Soba,2022Q1,47,,,1,,,43,,,5,,,48,,
Original Data,Soba,2022Q2,47,,,1,,,43,,,5,,,48,,
Original Data,Soba,2022Q3,73,,,0,,,67,,,6,,,73,,
Original Data,Soba,2022Q4,118,,,0,,,108,,,10,,,118,,
Original Data,Zangon Kataf,2022Q1,79,,,0,,,67,,,12,,,79,,
Original Data,Zangon Kataf,2022Q2,79,,,0,,,64,,,15,,,79,,
Original Data,Zangon Kataf,2022Q3,129,,,1,,,101,,,29,,,130,,
Original Data,Zangon Kataf,2022Q4,153,,,0,,,111,,,42,,,153,,
Original Data,Zaria,2022Q1,467,,,15,,,428,,,54,,,482,,
Original Data,Zaria,2022Q2,628,,,0,,,521,,,107,,,628,,
Original Data,Zaria,2022Q3,734,,,0,,,608,,,126,,,734,,
Original Data,Zaria,2022Q4,836,,,0,,,653,,,183,,,836,,
Original Data,Birin Gwari,2023Q1,124,,,0,,,64,,,60,,,124,,
Original Data,Birin Gwari,2023Q2,140,,,0,,,69,,,71,,,140,,
Original Data,Birin Gwari,2023Q3,179,,,0,,,73,,,106,,,179,,
Original Data,Birin Gwari,2023Q4,180,,,0,,,57,,,123,,,180,,
Original Data,Chikun,2023Q1,341,,,2,,,317,,,26,,,343,,
Original Data,Chikun,2023Q2,492,,,1,,,445,,,48,,,493,,
Original Data,Chikun,2023Q3,677,,,0,,,623,,,54,,,677,,
Original Data,Chikun,2023Q4,699,,,0,,,655,,,44,,,699,,
Original Data,Giwa,2023Q1,563,,,0,,,533,,,30,,,563,,
Original Data,Giwa,2023Q2,501,,,12,,,494,,,19,,,513,,
Original Data,Giwa,2023Q3,649,,,11,,,633,,,27,,,660,,
Original Data,Giwa,2023Q4,529,,,4,,,522,,,11,,,533,,
Original Data,Igabi,2023Q1,254,,,0,,,202,,,52,,,254,,
Original Data,Igabi,2023Q2,263,,,0,,,221,,,42,,,263,,
Original Data,Igabi,2023Q3,321,,,0,,,293,,,28,,,321,,
Original Data,Igabi,2023Q4,400,,,0,,,334,,,66,,,400,,
Original Data,Ikara,2023Q1,58,,,0,,,42,,,16,,,58,,
Original Data,Ikara,2023Q2,140,,,0,,,104,,,36,,,140,,
Original Data,Ikara,2023Q3,125,,,0,,,77,,,48,,,125,,
Original Data,Ikara,2023Q4,181,,,0,,,131,,,50,,,181,,
Original Data,Jaba,2023Q1,93,,,0,,,83,,,10,,,93,,
Original Data,Jaba,2023Q2,106,,,0,,,95,,,11,,,106,,
Original Data,Jaba,2023Q3,148,,,0,,,130,,,18,,,148,,
Original Data,Jaba,2023Q4,162,,,0,,,149,,,13,,,162,,
Original Data,Jema'A,2023Q1,339,,,0,,,303,,,36,,,339,,
Original Data,Jema'A,2023Q2,257,,,1,,,213,,,45,,,258,,
Original Data,Jema'A,2023Q3,470,,,0,,,400,,,70,,,470,,
Original Data,Jema'A,2023Q4,333,,,0,,,284,,,49,,,333,,
Original Data,Kachia,2023Q1,497,,,0,,,468,,,29,,,497,,
Original Data,Kachia,2023Q2,466,,,0,,,454,,,12,,,466,,
Original Data,Kachia,2023Q3,529,,,0,,,508,,,21,,,529,,
Original Data,Kachia,2023Q4,520,,,0,,,510,,,10,,,520,,
Original Data,Kaduna North,2023Q1,815,,,4,,,611,,,208,,,819,,
Original Data,Kaduna North,2023Q2,991,,,2,,,676,,,317,,,993,,
Original Data,Kaduna North,2023Q3,1276,,,8,,,1002,,,282,,,1284,,
Original Data,Kaduna North,2023Q4,1281,,,5,,,1123,,,163,,,1286,,
Original Data,Kaduna South,2023Q1,577,,,5,,,520,,,62,,,582,,
Original Data,Kaduna South,2023Q2,686,,,7,,,615,,,78,,,693,,
Original Data,Kaduna South,2023Q3,893,,,2,,,800,,,95,,,895,,
Original Data,Kaduna South,2023Q4,833,,,5,,,742,,,96,,,838,,
Original Data,Kagarko,2023Q1,207,,,0,,,206,,,1,,,207,,
Original Data,Kagarko,2023Q2,277,,,2,,,277,,,2,,,279,,
Original Data,Kagarko,2023Q3,311,,,0,,,311,,,0,,,311,,
Original Data,Kagarko,2023Q4,314,,,0,,,314,,,0,,,314,,
Original Data,Kajuru,2023Q1,270,,,0,,,257,,,13,,,270,,
Original Data,Kajuru,2023Q2,274,,,0,,,258,,,16,,,274,,
Original Data,Kajuru,2023Q3,378,,,0,,,357,,,21,,,378,,
Original Data,Kajuru,2023Q4,382,,,0,,,373,,,9,,,382,,
Original Data,Kaura,2023Q1,90,,,0,,,72,,,18,,,90,,
Original Data,Kaura,2023Q2,111,,,1,,,93,,,19,,,112,,
Original Data,Kaura,2023Q3,102,,,0,,,70,,,32,,,102,,
Original Data,Kaura,2023Q4,99,,,0,,,79,,,20,,,99,,
Original Data,Kauru,2023Q1,625,,,0,,,401,,,224,,,625,,
Original Data,Kauru,2023Q2,560,,,0,,,416,,,144,,,560,,
Original Data,Kauru,2023Q3,669,,,0,,,469,,,200,,,669,,
Original Data,Kauru,2023Q4,673,,,0,,,463,,,210,,,673,,
Original Data,Kubau,2023Q1,110,,,0,,,100,,,10,,,110,,
Original Data,Kubau,2023Q2,158,,,0,,,145,,,13,,,158,,
Original Data,Kubau,2023Q3,169,,,0,,,154,,,15,,,169,,
Original Data,Kubau,2023Q4,174,,,0,,,158,,,16,,,174,,
Original Data,Kudan,2023Q1,60,,,0,,,50,,,10,,,60,,
Original Data,Kudan,2023Q2,72,,,0,,,62,,,10,,,72,,
Original Data,Kudan,2023Q3,97,,,0,,,94,,,3,,,97,,
Original Data,Kudan,2023Q4,101,,,0,,,92,,,9,,,101,,
Original Data,Lere,2023Q1,51,,,0,,,46,,,5,,,51,,
Original Data,Lere,2023Q2,61,,,0,,,41,,,20,,,61,,
Original Data,Lere,2023Q3,77,,,1,,,36,,,42,,,78,,
Original Data,Lere,2023Q4,98,,,1,,,66,,,33,,,99,,
Original Data,Makarfi,2023Q1,140,,,2,,,105,,,37,,,142,,
Original Data,Makarfi,2023Q2,173,,,1,,,139,,,35,,,174,,
Original Data,Makarfi,2023Q3,199,,,1,,,117,,,83,,,200,,
Original Data,Makarfi,2023Q4,219,,,0,,,124,,,95,,,219,,
Original Data,Sabon Gari,2023Q1,295,,,0,,,254,,,41,,,295,,
Original Data,Sabon Gari,2023Q2,313,,,0,,,264,,,49,,,313,,
Original Data,Sabon Gari,2023Q3,587,,,0,,,465,,,122,,,587,,
Original Data,Sabon Gari,2023Q4,564,,,0,,,450,,,114,,,564,,
Original Data,Sanga,2023Q1,84,,,0,,,74,,,10,,,84,,
Original Data,Sanga,2023Q2,48,,,0,,,38,,,10,,,48,,
Original Data,Sanga,2023Q3,72,,,0,,,47,,,25,,,72,,
Original Data,Sanga,2023Q4,97,,,0,,,78,,,19,,,97,,
Original Data,Soba,2023Q1,90,,,0,,,84,,,6,,,90,,
Original Data,Soba,2023Q2,94,,,0,,,79,,,15,,,94,,
Original Data,Soba,2023Q3,153,,,0,,,148,,,5,,,153,,
Original Data,Soba,2023Q4,212,,,0,,,188,,,24,,,212,,
Original Data,Zangon Kataf,2023Q1,203,,,0,,,140,,,63,,,203,,
Original Data,Zangon Kataf,2023Q2,218,,,0,,,154,,,64,,,218,,
Original Data,Zangon Kataf,2023Q3,233,,,0,,,171,,,62,,,233,,
Original Data,Zangon Kataf,2023Q4,259,,,0,,,185,,,74,,,259,,
Original Data,Zaria,2023Q1,767,,,0,,,628,,,139,,,767,,
Original Data,Zaria,2023Q2,805,,,0,,,631,,,174,,,805,,
Original Data,Zaria,2023Q3,883,,,0,,,747,,,136,,,883,,
Original Data,Zaria,2023Q4,853,,,0,,,719,,,134,,,853,,
Forecasts,Birin Gwari,2024Q1,194.36953949,172.87529714,215.86378183,0,0,0,55.881224181,39.584145133,72.17830323,98.949886244,37.8866099,160.01316259,194.36953949,172.87529714,215.86378183
Forecasts,Birin Gwari,2024Q2,207.43542445,164.60552245,250.26532645,0,0,0,55.881224181,12.941815287,98.820633076,114.99828273,0,298.28881761,207.43542445,164.60552245,250.26532645
Forecasts,Birin Gwari,2024Q3,220.50130942,153.69579083,287.306828,0,0,0,55.881224181,0,116.09024078,131.04667922,0,429.60305497,220.50130942,153.69579083,287.306828
Forecasts,Birin Gwari,2024Q4,233.56719438,140.01312768,327.12126108,0,0,0,55.881224181,0,130.95278622,147.09507571,0,577.62312588,233.56719438,140.01312768,327.12126108
Forecasts,Birnin Gwari,2024Q1,,,,,,,,,,,,,,,
Forecasts,Birnin Gwari,2024Q2,,,,,,,,,,,,,,,
Forecasts,Birnin Gwari,2024Q3,,,,,,,,,,,,,,,
Forecasts,Birnin Gwari,2024Q4,,,,,,,,,,,,,,,
Forecasts,Chikun,2024Q1,664.64570517,539.42140285,790.49797694,-0.295106976,-2.204163398,1.6235228997,861.61552196,291.20277164,1432.0282723,51.334356983,43.310325433,59.358388532,976.36639118,335.99623817,1587.2147728
Forecasts,Chikun,2024Q2,683.21681998,310.43685371,1048.1713446,-0.09048204,-2.119509463,1.8628815108,1035.2762373,148.61905695,1921.9334176,54.442151021,38.5466332,70.337668841,1243.3014017,320.63187722,2721.1453233
Forecasts,Chikun,2024Q3,679.89228741,171.81151644,1168.5795039,-0.047273295,-2.198338268,2.0661604095,1208.9369185,0,2673.7179873,57.549945058,39.436326592,75.663563524,1583.2154705,206.90015971,5497.7042947
Forecasts,Chikun,2024Q4,679.34022924,60.159959001,1273.0028776,-0.046301854,-2.718301421,2.6670592104,1382.5975656,0,3683.5043555,60.657739096,42.180201378,79.135276815,2016.0608061,102.18479018,12000.447278
Forecasts,Giwa,2024Q1,556.34276301,348.27651675,764.40900927,6.5873736211,0.8866308812,12.3167042,387.4027893,0,924.41720004,10.292654789,6.8501188125,13.735190765,538.17006221,347.78709122,728.55303319
Forecasts,Giwa,2024Q2,554.421081,279.71076861,829.13139338,194.43047735,84.353987623,305.50134092,315.23808528,0,1248.357515,7.3879850404,3.3966848908,11.37928519,538.17006221,274.62641781,801.71370661
Forecasts,Giwa,2024Q3,552.96987487,210.50685097,895.43289877,199.44596198,81.64637484,317.49769181,462.1923534,0,1902.5328577,4.4833152921,0,9.2311820478,538.17006221,217.75653352,858.58359089
Forecasts,Giwa,2024Q4,551.87396035,142.95731044,960.79061027,-170.3169654,-274.8059736,-67.74051413,454.18426449,0,2599.1813063,1.5786455438,0,7.2328188567,538.17006221,169.55860521,906.7815192
Forecasts,Igabi,2024Q1,387.80815282,268.39718191,507.81794074,0.0002348885,-0.679326715,0.6832043281,413.17599751,386.78603706,439.6982972,48.318564751,17.017413222,79.619716279,404.23072763,267.06016842,542.08916387
Forecasts,Igabi,2024Q2,408.99340392,265.81451443,564.62226447,0.0101623363,5.6970832616,42516.2509,500.45870162,451.88402495,545.9303535,42.713607549,1.0376663415,84.389548757,437.94567736,257.13121268,647.75989299
Forecasts,Igabi,2024Q3,484.80338429,281.2450412,746.18822415,0.4396684982,8907.9940732,5591356493.8,606.17972374,542.43100276,667.12442491,43.789550401,0,101.82724331,499.80867704,243.59439668,891.39850436
Forecasts,Igabi,2024Q4,567.19285063,287.70229313,1037.9335582,19.022042122,13239652.705,7.315694e+14,734.23412617,656.60290047,809.14014287,54.930562939,0,132.42995602,615.07485947,258.03919124,1339.3291584
Forecasts,Ikara,2024Q1,226.73948895,209.20392186,244.36299265,-0.02560363,-1.010722552,0.9595152933,197.67386773,112.52810492,281.51870656,17.493308769,9.9319721517,25.054645387,219.03257594,151.31232157,287.09243092
Forecasts,Ikara,2024Q2,279.78890312,261.14275962,297.141875,-0.040115115,-1.150028211,1.0697979801,1368.6647289,390.41528745,1988.9365859,25.939125895,5.5216409382,46.356610853,287.45925286,168.18945751,413.43543888
Forecasts,Ikara,2024Q3,338.82401696,312.64596657,361.65875982,-0.050562226,-1.43578857,1.3346641183,2220.2550675,408.01430717,3032.4216114,45.216899347,17.349829667,73.083969026,377.2321849,201.84080889,573.53961025
Forecasts,Ikara,2024Q4,403.35503139,353.14833335,449.60195361,-0.058083311,-1.80076548,1.6845988572,1887.1781733,189.66732966,2553.1258087,51.952770147,18.244114685,85.661425608,495.00098239,255.46256449,778.74409309
Forecasts,Jaba,2024Q1,197.61071474,187.87877609,207.3426534,0,0,0,181.16085768,161.55179659,200.86825345,14.819180264,9.9992716688,19.63908886,197.61071474,187.87877609,207.3426534
Forecasts,Jaba,2024Q2,199.41202089,189.3772029,209.44683888,0,0,0,211.02671486,184.70019779,237.59706162,15.547621521,8.1243754526,22.970867589,199.41202089,189.3772029,209.44683888
Forecasts,Jaba,2024Q3,221.01381212,191.13031408,250.89731016,0,0,0,241.22687364,204.70021112,277.4016046,16.276062777,7.6764242823,24.875701273,221.01381212,191.13031408,250.89731016
Forecasts,Jaba,2024Q4,235.92649444,176.47950421,295.37348467,0,0,0,271.23139376,224.24314648,318.45654968,17.004504034,7.8841834535,26.124824614,235.92649444,176.47950421,295.37348467
Forecasts,Jemaa,2024Q1,,,,,,,,,,,,,,,
Forecasts,Jemaa,2024Q2,,,,,,,,,,,,,,,
Forecasts,Jemaa,2024Q3,,,,,,,,,,,,,,,
Forecasts,Jemaa,2024Q4,,,,,,,,,,,,,,,
Forecasts,Jema'A,2024Q1,272.80009308,272.80009308,272.80009308,-0.025636485,-0.065185885,0.0139129146,511.80397176,511.80397176,511.80397176,47.163184799,47.163184799,47.163184799,273.10469158,273.10469158,273.10469158
Forecasts,Jema'A,2024Q2,231.28986223,231.28986223,231.28986223,-0.025636485,-1.926927268,1.8756542983,905.79975114,905.79975114,905.79975114,45.18489392,45.18489392,45.18489392,226.05694613,226.05694613,226.05694613
Forecasts,Jema'A,2024Q3,196.0959755,196.0959755,196.0959755,-0.025636485,-2.71417682,2.6629038495,1603.1004729,1603.1004729,1603.1004729,43.289583756,43.289583756,43.289583756,187.11411583,187.11411583,187.11411583
Forecasts,Jema'A,2024Q4,166.25731555,166.25731555,166.25731555,-0.025636485,-3.318293713,3.2670207426,2837.1956638,2837.1956638,2837.1956638,41.473773627,41.473773627,41.473773627,154.87996694,154.87996694,154.87996694
Forecasts,Kachia,2024Q1,520.08099885,421.27227323,618.88972446,,0,0,510.10424193,400.24328719,619.96519667,15.954496228,7.879332236,24.029660221,520.1004765,420.94554285,619.25541016
Forecasts,Kachia,2024Q2,520.08099885,381.01684432,659.14515337,,0,0,545.81519116,385.96037375,705.67000856,0.4855060181,-21.10190157,22.072913605,520.1004765,380.72695345,659.47399955
Forecasts,Kachia,2024Q3,520.08099885,350.03831629,690.1236814,,0,0,556.28670774,341.48348,771.08993549,16.647222599,-12.79465335,46.089098543,520.1004765,349.75301692,690.44793608
Forecasts,Kachia,2024Q4,520.08099885,323.89183323,716.27016447,,0,0,603.85370212,298.91183669,908.79556755,10.609083019,-24.99473633,46.212902364,520.1004765,323.60229573,716.59865727
Forecasts,Kaduna North,2024Q1,1118.0660879,1085.045582,1151.0865938,5.6758015061,0,12.652577316,1110.8832297,1008.929682,1212.8367774,157.76676209,90.783507143,224.75001703,1403.7975251,1318.5302413,1489.4924036
Forecasts,Kaduna North,2024Q2,1237.4444136,1194.4948732,1280.393954,5.6758015061,0,12.849140241,1187.0906776,1041.3974081,1332.7839471,152.37249961,18.721941529,286.0230577,1458.4987506,1348.8518576,1563.6811218
Forecasts,Kaduna North,2024Q3,1462.2716771,1376.9753385,1547.5680157,5.6758015061,0,13.043504172,1263.2576145,1096.781757,1429.7334721,146.97823714,0,325.35264908,1798.6503001,1664.0480031,1930.2231908
Forecasts,Kaduna North,2024Q4,1477.6794089,1330.5160475,1624.8427703,5.6758015061,0,13.235886582,1339.384062,1163.4113583,1515.3567657,141.58397466,0,357.08401624,1712.6692829,1552.0754378,1879.3939252
Forecasts,Kaduna South,2024Q1,980.44440447,944.4825465,1016.5866024,4.0240000072,1.6184816828,6.4295183316,670.08155215,471.61375855,869.5446135,93.409587193,75.175172415,111.64400197,1011.8369564,900.64659454,1123.5849108
Forecasts,Kaduna South,2024Q2,1091.6634945,1028.8001654,1146.7074108,4.0697118036,0.932305866,7.2071177413,639.52961059,431.00968498,815.81153327,106.14455581,70.570290549,141.71882107,1110.1167025,933.25411075,1228.2274316
Forecasts,Kaduna South,2024Q3,1213.150562,1151.3204242,1268.0775094,4.1154236001,0.356029335,7.8748178652,667.48074995,363.1351192,879.87470575,108.57452193,64.834058465,152.31498539,1235.2395214,915.00550251,1405.9937709
Forecasts,Kaduna South,2024Q4,1345.5995625,1263.7783006,1417.9283458,4.1611353965,0,8.4813406712,807.02925561,363.86420041,1267.1025893,107.49368823,61.146465664,153.8409108,1343.806817,754.08247681,1806.6004155
Forecasts,Kagarko,2024Q1,313.85999898,242.75028326,384.96971471,-1.062939702,-2.230467521,0.1045881173,313.86929368,242.89885096,384.8397364,-0.18268832,-1.750712954,1.385336314,292.44417653,261.23317237,323.6551807
Forecasts,Kagarko,2024Q2,313.85999898,203.7392624,423.98073557,2.4662712849,0.6040444316,4.3284981382,313.86929368,204.06760251,423.67098486,-0.436465763,-2.011695206,1.1387636797,312.26195688,224.68862621,399.83528754
Forecasts,Kagarko,2024Q3,313.85999898,175.30834226,452.41165571,-0.026616458,-2.387263932,2.3340310165,313.86929368,175.75333142,451.98525594,-0.690243206,-2.478795559,1.0983091465,336.45999483,198.38070649,474.53928317
Forecasts,Kagarko,2024Q4,313.85999898,151.79042584,475.92957212,-0.058924916,-2.829741428,2.7118915954,313.86929368,152.32788513,475.41070223,-0.944020649,-3.306634209,1.4185929106,329.4046998,146.64753204,512.16186756
Forecasts,Kajuru,2024Q1,366.85500014,357.87583474,375.87919388,0,0,0,344.78982409,207.96046675,481.61918144,11.843102848,3.5124799132,20.173725783,366.85500014,357.87583474,375.87919388
Forecasts,Kajuru,2024Q2,363.81717099,351.17136241,376.29710335,0,0,0,318.76669226,187.53583155,449.99755297,11.843102848,1.5530725728,22.133133123,363.81717099,351.17136241,376.29710335
Forecasts,Kajuru,2024Q3,472.29584188,449.41857709,494.71290132,0,0,0,294.08378159,0,659.67347581,11.843102848,-0.08879422,23.774999916,472.29584188,449.41857709,494.71290132
Forecasts,Kajuru,2024Q4,463.76817398,427.34811543,500.2563219,0,0,0,270.67206916,0,993.92398749,11.843102848,-1.530588199,25.216793895,463.76817398,427.34811543,500.2563219
Forecasts,Kaura,2024Q1,109.48248931,94.68829094,124.27668768,-0.116275608,-0.607427397,0.3748761807,70.8683304,45.757088572,95.979572227,26.153238091,15.525187479,36.834585794,77.405019677,63.838852763,90.97118659
Forecasts,Kaura,2024Q2,115.12422694,97.248494233,132.99995965,0.2618409273,-0.35447458,0.8781564347,71.17395802,37.644697753,104.70321829,26.126538123,13.63556599,38.772371384,69.495504574,20.325698934,118.66531021
Forecasts,Kaura,2024Q3,120.76596457,95.293939176,146.23798996,0.1086943566,-0.611346982,0.8287356954,71.181999513,25.567141897,116.79685713,26.113267443,11.633890176,41.289794445,44.286999295,-52.18600291,140.7600015
Forecasts,Kaura,2024Q4,126.4077022,89.824359787,162.9910446,0.1682740754,-0.642327093,0.9788752439,71.182211096,15.942314106,126.42210809,26.106668984,9.1100761165,43.218084795,29.558599667,-123.4348077,182.552007
Forecasts,Kauru,2024Q1,682.00176146,598.5065435,765.91568766,,0,0,528.09602504,224.71309235,833.00034941,189.12451572,143.36396855,234.88506289,671.23116369,592.84493868,750.01047658
Forecasts,Kauru,2024Q2,587.27028415,470.34826139,706.70759782,,0,0,551.6563612,177.18765566,945.79589906,88.82590872,-33.57204024,211.22385768,562.9925477,428.01412424,701.67557318
Forecasts,Kauru,2024Q3,684.19978084,503.31982414,871.87962792,,0,0,602.1790801,128.92320516,1148.4333699,192.81225266,25.873676696,359.75082862,661.52110018,445.11289108,891.77243814
Forecasts,Kauru,2024Q4,682.31874837,465.52784285,903.83018975,,0,0,582.39254718,5.0675451005,1366.0204613,224.3623126,22.481856939,426.24276825,671.58829566,402.37084784,951.07705486
Forecasts,Kubau,2024Q1,217.02650308,205.01879236,229.09442955,0.0491286645,-0.524770535,0.6259058291,195.73410911,187.25351978,204.25722654,22.881163775,21.934815211,23.832258046,215.41437269,199.38285667,231.52628287
Forecasts,Kubau,2024Q2,254.94336494,238.6184862,270.53263113,0.0074526497,-0.558008093,0.6085035765,286.22439306,258.08269061,315.01307263,27.862100377,26.16405749,29.582460803,250.79579058,232.74001281,267.98663573
Forecasts,Kubau,2024Q3,299.48470996,278.62033016,320.07042531,0.0366443651,-9.341801503,10.787931047,313.22365708,274.91846655,351.41549089,32.965924615,30.219936869,35.692049824,291.81585148,271.20771702,311.37398444
Forecasts,Kubau,2024Q4,351.80790651,325.41379915,379.2958424,0.0975854159,-78.19569876,80.52718814,317.2895205,271.65738285,362.78513054,38.41211899,34.321210029,42.555629683,339.34510171,314.96880171,364.13899302
Forecasts,Kudan,2024Q1,109.99696093,102.79642759,117.23360321,9.403506e-27,-0.523265031,0.5258890776,85.68707515,72.285434907,99.155921362,8.3067929582,4.3816228618,12.210297202,115.78815338,109.73102978,121.87565199
Forecasts,Kudan,2024Q2,124.57619672,114.88379967,133.71563623,6.273123e-27,-0.624323121,0.6239353837,92.562547384,59.813575841,125.70374459,6.050464215,2.8598285589,9.8603982021,131.60453395,121.46157972,141.30379467
Forecasts,Kudan,2024Q3,156.60605753,145.48342817,167.18434541,6.273123e-27,-0.825880455,0.8131618733,102.41091463,58.692701682,146.10441431,4.6648217193,1.5292442266,9.6469375156,149.58139369,136.12860374,162.88357131
Forecasts,Kudan,2024Q4,173.75445478,161.85714555,185.58361914,9.403506e-27,-1.351166671,1.2945096442,89.801146507,36.214739047,141.49604261,6.1581766123,2.2758708973,13.369986096,170.01384882,153.07032472,187.33664788
Forecasts,Lere,2024Q1,64.410844481,56.195968391,72.666916177,0.6221352945,-0.405630181,1.6499007697,47.634711986,29.377519631,65.891904342,-8.66858967,-14.61650384,-2.690848159,72.178512706,55.344049995,89.097396156
Forecasts,Lere,2024Q2,74.16140773,59.878172932,88.452402659,0.6221352945,-0.474510613,1.7187812022,43.802652454,24.945964689,62.659340219,32.188556491,11.033326292,53.399615109,90.124845334,65.716426408,115.50739877
Forecasts,Lere,2024Q3,87.161419861,68.861623181,105.10626045,0.6221352945,-0.539313207,1.783583796,39.112553099,18.471738078,59.753368119,50.386909017,12.457054508,93.587219734,110.99133383,53.423133977,175.4043811
Forecasts,Lere,2024Q4,103.5126029,82.21028017,124.04041088,0.6221352945,-0.600686441,1.8449570298,66.188380564,43.465434125,88.911327003,35.167235997,7.0625553325,68.934136177,116.12089072,14.612189938,234.93040759
Forecasts,Makarfi,2024Q1,,,,,,,,,,,,,,,
Forecasts,Makarfi,2024Q2,,,,,,,,,,,,,,,
Forecasts,Makarfi,2024Q3,,,,,,,,,,,,,,,
Forecasts,Makarfi,2024Q4,,,,,,,,,,,,,,,
Forecasts,Markarfi,2024Q1,,,,,,,,,,,,,,,
Forecasts,Markarfi,2024Q2,,,,,,,,,,,,,,,
Forecasts,Markarfi,2024Q3,,,,,,,,,,,,,,,
Forecasts,Markarfi,2024Q4,,,,,,,,,,,,,,,
Forecasts,Sabon Gari,2024Q1,361.00240459,339.57539191,382.53686853,0.0001232864,-0.001377705,0.0016318046,451.09042374,389.21333227,513.27781378,163.8064404,143.75104178,183.96241197,550.32118482,518.84590649,581.95430402
Forecasts,Sabon Gari,2024Q2,378.4773025,351.470687,400.96769715,0.0000781331,-0.00190791,0.0020521182,493.28674405,423.37130031,552.2403228,219.55222547,195.84080565,242.34584409,702.91615159,608.67153113,797.47276465
Forecasts,Sabon Gari,2024Q3,795.6865009,714.00715903,845.06968773,0.0000738513,-0.002377098,0.0024517134,610.37912729,465.64501092,708.93847571,294.26913612,256.7583606,332.39991024,1254.5852421,888.26664127,1620.3037358
Forecasts,Sabon Gari,2024Q4,771.95633347,616.49788525,908.04196766,0.0000734453,-0.002754038,0.0027381236,562.16608392,313.48994866,814.21132931,394.41333054,328.21312864,467.55031292,1093.6993453,600.32105793,1578.85086
Forecasts,Sanga,2024Q1,178.89193269,162.27442842,195.59276971,0,-1.116462944,1.1220617345,100.51989037,78.120266626,123.03184279,19.060331301,12.523455711,25.629987734,175.61580347,165.0116943,186.27308966
Forecasts,Sanga,2024Q2,148.55770794,123.54323247,171.40979169,0,-1.635141332,1.6203912345,47.69210187,21.342052329,73.838313581,20.032961807,12.370747774,27.409915609,110.39123601,90.273266845,126.83700342
Forecasts,Sanga,2024Q3,216.4885464,186.26346772,243.31476883,0,-2.154226005,2.0991530018,51.350841125,9.9975336992,93.152254149,21.055224718,12.639847257,29.175288679,192.33207259,169.68719493,209.39626424
Forecasts,Sanga,2024Q4,285.63217668,252.96580278,314.956752,0,-2.4234746,2.3006162917,81.058029359,5.3609873995,154.35623839,22.129652729,13.344550738,30.977029547,224.26639432,201.20826121,241.45873928
Forecasts,Soba,2024Q1,242.18182539,148.26896109,336.09468968,0,-1.728243693,1.7369104153,175.94005358,161.11812349,190.83631204,11.884505667,6.7315906937,17.03742064,139.20098912,101.70740163,176.88259784
Forecasts,Soba,2024Q2,266.24019083,138.73250393,393.74787774,0,-2.37570925,2.3576852963,244.53028534,225.42063894,262.87088654,17.914867096,7.9230628535,27.906671338,122.2105867,74.937701123,164.57172926
Forecasts,Soba,2024Q3,282.40275449,63.972750868,500.83275812,0,-2.140123679,2.0629597782,309.11593575,277.66212008,341.43086183,25.836153726,14.525938369,37.146369084,187.07278834,89.06136715,265.66023445
Forecasts,Soba,2024Q4,296.39282402,0,666.95786692,0,-5.281400482,5.0089441258,374.97134557,322.59719763,432.26868727,22.648451587,11.156010683,34.140892492,241.80646497,84.336220998,388.63837123
Forecasts,Zangon Kataf,2024Q1,265.90800564,230.16880336,301.82643133,-0.273848806,-4.485974101,3.9593992736,190.46325196,150.81293238,230.27563698,79.928740087,72.052049387,87.805430786,263.99335367,219.37389097,308.61281637
Forecasts,Zangon Kataf,2024Q2,274.45774393,221.65551519,328.77666682,-10.53420536,-24.7943669,0.3177228461,192.82729572,46.830747657,279.32974385,86.668690853,76.46598843,96.871393276,291.46876148,108.46253077,474.47499219
Forecasts,Zangon Kataf,2024Q3,280.27683175,205.41118608,356.90048986,-0.479371335,-7.326245878,3.0817830418,199.87783548,4.7684744571,409.86800163,93.40864162,77.457222341,109.3600609,286.37574936,0,660.88927482
Forecasts,Zangon Kataf,2024Q4,284.20247642,191.13124474,383.59236503,-2.262005427,-119.7701175,6.9862090355,200.41450604,0,593.38028738,100.14859239,76.068558332,124.22862644,303.50639279,0,833.49355904
Forecasts,Zaria,2024Q1,751.93548599,665.02084812,839.28597966,4.922972342,-2.479913921,12.36298228,688.50258791,355.68400637,1021.3211694,132.08072672,96.525816006,167.63563743,790.29751925,710.0337574,870.56128109
Forecasts,Zaria,2024Q2,783.57890864,594.37499142,974.13068525,32.721121884,4.0482809598,57.15107883,719.64382545,0,1568.1158285,132.55141504,77.681401377,187.4214287,846.87405891,604.16408596,1089.5840319
Forecasts,Zaria,2024Q3,862.73830688,592.13039512,1130.7837182,217.48483294,5.3925403315,764.89800678,806.26118113,0,2067.5104382,133.01999808,72.408307948,193.63168821,860.92073839,527.19331898,1194.6481578
Forecasts,Zaria,2024Q4,852.35063499,540.0509703,1154.5840269,1445.5388396,8.6953671496,10431.555558,719.4683359,0,2252.445784,133.48648526,24.489270913,242.48369962,836.68899214,431.91763696,1241.4603473
