Year,Quarter,LGA,Sex,0-4,5-14,15-24,25-34,35-44,45-54,55-64,>=65,Total,Year_Quarter,,
2019,1,Birnin-Gwari,Male,0,0,2,4,3,4,3,1,17,2019 Q1,,
2019,1,Birnin-Gwari,Female,0,0,0,3,1,0,4,0,8,2019 Q1,,
2019,1,Chikun,Male,0,0,5,14,18,4,3,5,49,2019 Q1,,
2019,1,Chikun,Female,0,0,3,12,4,7,0,0,26,2019 Q1,,
2019,1,Giwa,Male,6,3,3,0,2,0,2,2,18,2019 Q1,,
2019,1,Giwa,Female,2,2,4,4,5,3,0,0,20,2019 Q1,,
2019,1,Igabi,Male,0,2,8,9,8,10,2,1,40,2019 Q1,,
2019,1,Igabi,Female,0,3,12,8,3,3,0,1,30,2019 Q1,,
2019,1,Ikara,Male,0,0,1,4,4,0,1,1,11,2019 Q1,,
2019,1,Ikara,Female,0,0,0,1,1,0,0,0,2,2019 Q1,,
2019,1,Jaba,Male,0,0,0,2,5,3,4,1,15,2019 Q1,,
2019,1,Jaba,Female,0,0,1,1,2,0,1,0,5,2019 Q1,,
2019,1,Jema'a,Male,0,3,5,8,9,4,2,4,35,2019 Q1,,
2019,1,Jema'a,Female,0,0,4,6,2,3,1,,16,2019 Q1,,
2019,1,Kachia,Male,0,0,2,5,7,10,3,3,30,2019 Q1,,
2019,1,Kachia,Female,0,0,0,3,6,2,2,0,13,2019 Q1,,
2019,1,Kaduna North,Male,1,4,11,24,29,12,3,4,88,2019 Q1,,
2019,1,Kaduna North,Female,6,11,10,15,11,6,2,4,65,2019 Q1,,
2019,1,Kaduna South,Male,1,1,13,30,22,18,7,7,99,2019 Q1,,
2019,1,Kaduna South,Female,0,4,13,15,11,5,5,6,59,2019 Q1,,
2019,1,Kagarko,Male,0,0,3,2,4,0,1,1,11,2019 Q1,,
2019,1,Kagarko,Female,0,0,2,2,2,1,0,0,7,2019 Q1,,
2019,1,Kajuru,Male,0,0,2,1,0,0,0,2,5,2019 Q1,,
2019,1,Kajuru,Female,0,0,1,0,1,0,0,3,5,2019 Q1,,
2019,1,Kaura,Male,0,1,2,2,6,3,1,0,15,2019 Q1,,
2019,1,Kaura,Female,0,0,5,4,4,1,1,1,16,2019 Q1,,
2019,1,Kauru,Male,0,1,1,5,3,0,0,0,10,2019 Q1,,
2019,1,Kauru,Female,0,0,1,1,0,0,0,0,2,2019 Q1,,
2019,1,Kubau,Male,0,0,1,4,5,0,1,0,11,2019 Q1,,
2019,1,Kubau,Female,0,0,1,2,1,0,0,0,4,2019 Q1,,
2019,1,Kudan,Male,0,1,2,0,2,2,1,,8,2019 Q1,,
2019,1,Kudan,Female,0,1,1,1,1,1,0,0,5,2019 Q1,,
2019,1,Lere,Male,0,1,5,6,7,4,0,0,23,2019 Q1,,
2019,1,Lere,Female,0,0,3,1,1,1,0,1,7,2019 Q1,,
2019,1,Markafi,Male,0,1,2,9,1,0,1,1,15,2019 Q1,,
2019,1,Markafi,Female,1,0,0,5,1,2,0,0,9,2019 Q1,,
2019,1,Sabon-Gari,Male,0,0,6,8,2,1,2,0,19,2019 Q1,,
2019,1,Sabon-Gari,Female,1,0,7,2,3,2,0,0,15,2019 Q1,,
2019,1,Sanga,Male,0,0,0,4,5,5,4,0,18,2019 Q1,,
2019,1,Sanga,Female,0,0,3,1,1,6,1,0,12,2019 Q1,,
2019,1,Soba,Male,0,0,2,3,2,1,0,0,8,2019 Q1,,
2019,1,Soba,Female,0,0,2,2,0,0,0,0,4,2019 Q1,,
2019,1,Zango-Kataf,Male,0,0,2,4,6,5,0,1,18,2019 Q1,,
2019,1,Zango-Kataf,Female,0,0,0,3,0,1,1,0,5,2019 Q1,,
2019,1,Zaria,Male,2,0,10,13,15,8,4,3,55,2019 Q1,,
2019,1,Zaria,Female,0,0,7,11,8,5,4,3,38,2019 Q1,,
2019,2,Birnin-Gwari,Male,0,0,3,2,2,2,0,2,11,2019 Q2,,
2019,2,Birnin-Gwari,Female,0,0,3,4,0,1,0,0,8,2019 Q2,,
2019,2,Chikun,Male,0,2,7,14,9,5,8,5,50,2019 Q2,,
2019,2,Chikun,Female,0,1,4,5,7,5,3,0,25,2019 Q2,,
2019,2,Giwa,Male,9,3,2,7,1,1,3,2,28,2019 Q2,,
2019,2,Giwa,Female,7,6,4,4,1,0,1,0,23,2019 Q2,,
2019,2,Igabi,Male,0,0,4,10,8,1,0,3,26,2019 Q2,,
2019,2,Igabi,Female,0,0,4,3,1,3,0,3,14,2019 Q2,,
2019,2,Ikara,Male,0,1,2,2,2,4,2,0,13,2019 Q2,,
2019,2,Ikara,Female,0,0,1,3,3,0,0,0,7,2019 Q2,,
2019,2,Jaba,Male,0,0,1,3,4,5,1,1,15,2019 Q2,,
2019,2,Jaba,Female,0,0,2,0,3,1,0,1,7,2019 Q2,,
2019,2,Jema'a,Male,0,0,3,9,8,4,3,2,29,2019 Q2,,
2019,2,Jema'a,Female,0,0,2,3,2,1,1,0,9,2019 Q2,,
2019,2,Kachia,Male,0,0,1,2,9,7,3,2,24,2019 Q2,,
2019,2,Kachia,Female,0,0,1,5,7,3,2,2,20,2019 Q2,,
2019,2,Kaduna North,Male,3,9,19,25,21,23,9,5,114,2019 Q2,,
2019,2,Kaduna North,Female,2,6,10,22,14,4,4,3,65,2019 Q2,,
2019,2,Kaduna South,Male,2,3,16,37,39,19,9,11,136,2019 Q2,,
2019,2,Kaduna South,Female,1,5,13,25,9,6,3,1,63,2019 Q2,,
2019,2,Kagarko,Male,0,0,0,5,4,3,1,1,14,2019 Q2,,
2019,2,Kagarko,Female,0,1,3,1,1,3,0,0,9,2019 Q2,,
2019,2,Kajuru,Male,0,0,1,0,6,1,0,0,8,2019 Q2,,
2019,2,Kajuru,Female,0,0,0,0,1,1,0,0,2,2019 Q2,,
2019,2,Kaura,Male,0,0,1,0,7,1,3,0,12,2019 Q2,,
2019,2,Kaura,Female,0,0,0,2,0,0,0,0,2,2019 Q2,,
2019,2,Kauru,Male,0,0,1,5,0,2,1,0,9,2019 Q2,,
2019,2,Kauru,Female,0,0,0,4,0,0,0,0,4,2019 Q2,,
2019,2,Kubau,Male,1,0,5,4,1,0,1,0,12,2019 Q2,,
2019,2,Kubau,Female,0,0,3,2,1,0,0,1,7,2019 Q2,,
2019,2,Kudan,Male,0,2,1,2,1,2,1,1,10,2019 Q2,,
2019,2,Kudan,Female,0,0,0,1,0,0,0,0,1,2019 Q2,,
2019,2,Lere,Male,0,1,1,8,2,2,0,3,17,2019 Q2,,
2019,2,Lere,Female,0,0,0,1,3,2,1,1,8,2019 Q2,,
2019,2,Markafi,Male,0,0,6,4,4,5,1,2,22,2019 Q2,,
2019,2,Markafi,Female,0,0,2,1,1,2,1,1,8,2019 Q2,,
2019,2,Sabon-Gari,Male,1,2,11,12,4,4,3,1,38,2019 Q2,,
2019,2,Sabon-Gari,Female,0,0,2,3,0,1,2,1,9,2019 Q2,,
2019,2,Sanga,Male,0,0,1,3,5,2,1,1,13,2019 Q2,,
2019,2,Sanga,Female,0,0,0,7,4,1,0,1,13,2019 Q2,,
2019,2,Soba,Male,0,0,0,1,3,1,0,0,5,2019 Q2,,
2019,2,Soba,Female,0,0,1,1,1,1,0,0,4,2019 Q2,,
2019,2,Zango-Kataf,Male,0,0,1,0,7,11,4,4,27,2019 Q2,,
2019,2,Zango-Kataf,Female,0,0,3,1,1,0,1,1,7,2019 Q2,,
2019,2,Zaria,Male,1,0,11,23,15,14,4,4,72,2019 Q2,,
2019,2,Zaria,Female,0,1,7,9,4,3,1,4,29,2019 Q2,,
2019,3,Birnin-Gwari,Male,0,0,1,2,2,0,2,6,13,2019 Q3,,
2019,3,Birnin-Gwari,Female,0,0,0,1,0,0,0,0,1,2019 Q3,,
2019,3,Chikun,Male,1,1,7,13,18,8,7,2,57,2019 Q3,,
2019,3,Chikun,Female,0,0,4,5,1,5,1,0,16,2019 Q3,,
2019,3,Giwa,Male,10,6,4,5,2,0,3,1,31,2019 Q3,,
2019,3,Giwa,Female,5,2,0,2,1,4,1,0,15,2019 Q3,,
2019,3,Igabi,Male,1,3,8,13,10,5,3,5,48,2019 Q3,,
2019,3,Igabi,Female,0,2,8,1,3,2,0,2,18,2019 Q3,,
2019,3,Ikara,Male,0,0,2,2,2,1,3,2,12,2019 Q3,,
2019,3,Ikara,Female,0,0,3,0,1,1,1,0,6,2019 Q3,,
2019,3,Jaba,Male,0,0,0,1,5,0,2,1,9,2019 Q3,,
2019,3,Jaba,Female,0,0,0,1,2,0,0,0,3,2019 Q3,,
2019,3,Jema'a,Male,0,0,1,9,6,10,5,6,37,2019 Q3,,
2019,3,Jema'a,Female,0,0,3,7,0,3,6,2,21,2019 Q3,,
2019,3,Kachia,Male,0,2,0,6,11,14,11,4,48,2019 Q3,,
2019,3,Kachia,Female,0,0,0,10,9,4,4,7,34,2019 Q3,,
2019,3,Kaduna North,Male,2,4,26,32,16,15,10,7,112,2019 Q3,,
2019,3,Kaduna North,Female,3,2,17,19,12,9,4,3,69,2019 Q3,,
2019,3,Kaduna South,Male,1,6,22,27,45,14,7,3,125,2019 Q3,,
2019,3,Kaduna South,Female,0,0,14,18,13,3,6,9,63,2019 Q3,,
2019,3,Kagarko,Male,0,1,4,0,1,0,1,0,7,2019 Q3,,
2019,3,Kagarko,Female,0,0,1,0,1,2,0,0,4,2019 Q3,,
2019,3,Kajuru,Male,0,0,2,2,4,1,1,2,12,2019 Q3,,
2019,3,Kajuru,Female,0,0,3,3,0,1,0,1,8,2019 Q3,,
2019,3,Kaura,Male,0,0,0,3,5,4,1,2,15,2019 Q3,,
2019,3,Kaura,Female,0,0,0,1,0,2,0,0,3,2019 Q3,,
2019,3,Kauru,Male,0,0,2,2,7,3,1,1,16,2019 Q3,,
2019,3,Kauru,Female,0,0,2,2,1,1,0,0,6,2019 Q3,,
2019,3,Kubau,Male,0,0,4,0,4,0,0,0,8,2019 Q3,,
2019,3,Kubau,Female,0,0,3,1,2,3,0,0,9,2019 Q3,,
2019,3,Kudan,Male,0,0,2,1,2,0,1,0,6,2019 Q3,,
2019,3,Kudan,Female,0,0,1,2,,1,2,0,6,2019 Q3,,
2019,3,Lere,Male,0,0,0,2,6,2,3,2,15,2019 Q3,,
2019,3,Lere,Female,0,1,1,6,0,1,0,0,9,2019 Q3,,
2019,3,Markafi,Male,1,1,2,7,2,0,2,6,21,2019 Q3,,
2019,3,Markafi,Female,0,0,3,2,2,2,3,1,13,2019 Q3,,
2019,3,Sabon-Gari,Male,2,2,10,9,10,2,1,0,36,2019 Q3,,
2019,3,Sabon-Gari,Female,0,1,3,7,4,2,5,3,25,2019 Q3,,
2019,3,Sanga,Male,0,0,2,7,9,8,2,1,29,2019 Q3,,
2019,3,Sanga,Female,0,0,0,4,4,0,1,2,11,2019 Q3,,
2019,3,Soba,Male,0,0,2,5,3,2,1,1,14,2019 Q3,,
2019,3,Soba,Female,0,0,2,0,0,0,0,1,3,2019 Q3,,
2019,3,Zango-Kataf,Male,0,0,2,6,4,7,3,1,23,2019 Q3,,
2019,3,Zango-Kataf,Female,0,0,2,1,0,0,1,0,4,2019 Q3,,
2019,3,Zaria,Male,0,0,16,18,17,10,1,6,68,2019 Q3,,
2019,3,Zaria,Female,1,2,10,14,12,5,4,2,50,2019 Q3,,
2019,4,Birnin-Gwari,Male,0,0,0,4,2,0,0,1,7,2019 Q4,,
2019,4,Birnin-Gwari,Female,0,0,0,1,1,0,1,0,3,2019 Q4,,
2019,4,Chikun,Male,0,2,6,10,14,8,4,5,49,2019 Q4,,
2019,4,Chikun,Female,0,1,2,8,11,1,3,0,26,2019 Q4,,
2019,4,Giwa,Male,5,8,1,4,0,0,0,1,19,2019 Q4,,
2019,4,Giwa,Female,6,13,1,3,2,1,1,0,27,2019 Q4,,
2019,4,Igabi,Male,0,3,12,11,12,5,4,4,51,2019 Q4,,
2019,4,Igabi,Female,0,2,7,8,2,1,2,3,25,2019 Q4,,
2019,4,Ikara,Male,0,0,2,3,3,2,1,1,12,2019 Q4,,
2019,4,Ikara,Female,0,1,3,4,2,0,0,0,10,2019 Q4,,
2019,4,Jaba,Male,0,0,1,5,3,1,2,0,12,2019 Q4,,
2019,4,Jaba,Female,0,0,2,0,1,0,0,0,3,2019 Q4,,
2019,4,Jema'a,Male,0,0,1,5,10,10,2,3,31,2019 Q4,,
2019,4,Jema'a,Female,1,0,1,3,3,1,1,2,12,2019 Q4,,
2019,4,Kachia,Male,0,1,4,6,14,11,7,3,46,2019 Q4,,
2019,4,Kachia,Female,0,0,2,9,8,6,5,3,33,2019 Q4,,
2019,4,Kaduna North,Male,0,3,17,36,22,13,4,5,100,2019 Q4,,
2019,4,Kaduna North,Female,0,5,14,25,20,7,2,3,76,2019 Q4,,
2019,4,Kaduna South,Male,0,2,17,30,40,22,6,15,132,2019 Q4,,
2019,4,Kaduna South,Female,0,3,13,13,8,7,5,3,52,2019 Q4,,
2019,4,Kagarko,Male,0,0,3,3,1,0,1,2,10,2019 Q4,,
2019,4,Kagarko,Female,0,1,1,1,2,1,0,0,6,2019 Q4,,
2019,4,Kajuru,Male,0,0,0,7,3,2,3,0,15,2019 Q4,,
2019,4,Kajuru,Female,0,0,1,3,1,1,,0,6,2019 Q4,,
2019,4,Kaura,Male,0,0,0,1,6,3,3,1,14,2019 Q4,,
2019,4,Kaura,Female,0,1,2,2,2,1,0,0,8,2019 Q4,,
2019,4,Kauru,Male,0,1,2,4,6,1,0,2,16,2019 Q4,,
2019,4,Kauru,Female,0,0,1,2,0,0,0,0,3,2019 Q4,,
2019,4,Kubau,Male,0,0,1,4,4,3,0,0,12,2019 Q4,,
2019,4,Kubau,Female,0,0,0,2,4,2,0,0,8,2019 Q4,,
2019,4,Kudan,Male,0,0,4,0,0,1,0,1,6,2019 Q4,,
2019,4,Kudan,Female,0,3,4,1,5,1,2,1,17,2019 Q4,,
2019,4,Lere,Male,0,0,2,4,7,3,1,1,18,2019 Q4,,
2019,4,Lere,Female,0,1,2,3,2,1,0,0,9,2019 Q4,,
2019,4,Markafi,Male,0,0,3,5,6,2,6,6,28,2019 Q4,,
2019,4,Markafi,Female,0,2,2,5,3,3,0,0,15,2019 Q4,,
2019,4,Sabon-Gari,Male,2,4,4,14,13,9,2,3,51,2019 Q4,,
2019,4,Sabon-Gari,Female,1,8,6,8,4,6,4,3,40,2019 Q4,,
2019,4,Sanga,Male,0,0,2,2,3,2,0,4,13,2019 Q4,,
2019,4,Sanga,Female,0,0,2,4,3,3,1,3,16,2019 Q4,,
2019,4,Soba,Male,0,0,3,2,0,0,1,0,6,2019 Q4,,
2019,4,Soba,Female,0,0,2,4,2,2,1,0,11,2019 Q4,,
2019,4,Zango-Kataf,Male,0,0,2,2,7,5,2,0,18,2019 Q4,,
2019,4,Zango-Kataf,Female,0,0,1,1,1,2,2,0,7,2019 Q4,,
2019,4,Zaria,Male,0,3,16,25,16,11,4,3,78,2019 Q4,,
2019,4,Zaria,Female,0,3,10,14,7,8,4,2,48,2019 Q4,,
2020,1,Birnin-Gwari,Male,0,0,2,2,4,0,1,0,9,2020 Q1,,
2020,1,Birnin-Gwari,Female,0,1,0,1,1,1,0,0,4,2020 Q1,,
2020,1,Chikun,Male,0,1,7,17,20,7,6,1,59,2020 Q1,,
2020,1,Chikun,Female,0,0,6,7,6,1,2,0,22,2020 Q1,,
2020,1,Giwa,Male,14,10,1,3,2,3,3,0,36,2020 Q1,,
2020,1,Giwa,Female,9,6,1,7,5,2,0,0,30,2020 Q1,,
2020,1,Igabi,Male,0,2,8,15,7,8,2,1,43,2020 Q1,,
2020,1,Igabi,Female,0,1,8,4,3,0,0,1,17,2020 Q1,,
2020,1,Ikara,Male,0,0,3,4,3,1,0,0,11,2020 Q1,,
2020,1,Ikara,Female,1,0,2,0,0,2,0,1,6,2020 Q1,,
2020,1,Jaba,Male,0,0,1,5,3,1,1,2,13,2020 Q1,,
2020,1,Jaba,Female,0,0,0,0,0,0,2,0,2,2020 Q1,,
2020,1,Jema'a,Male,0,0,4,9,9,6,7,0,35,2020 Q1,,
2020,1,Jema'a,Female,0,0,1,3,2,3,1,1,11,2020 Q1,,
2020,1,Kachia,Male,0,0,5,17,20,22,11,6,81,2020 Q1,,
2020,1,Kachia,Female,0,0,1,17,17,13,13,6,67,2020 Q1,,
2020,1,Kaduna North,Male,5,7,24,30,17,8,5,6,102,2020 Q1,,
2020,1,Kaduna North,Female,0,4,19,28,11,9,3,2,76,2020 Q1,,
2020,1,Kaduna South,Male,1,5,34,44,39,23,11,5,162,2020 Q1,,
2020,1,Kaduna South,Female,1,3,15,23,12,9,4,4,71,2020 Q1,,
2020,1,Kagarko,Male,0,0,2,4,2,0,1,1,10,2020 Q1,,
2020,1,Kagarko,Female,0,0,1,0,1,0,0,1,3,2020 Q1,,
2020,1,Kajuru,Male,0,0,0,3,2,2,0,0,7,2020 Q1,,
2020,1,Kajuru,Female,0,0,1,1,2,4,3,0,11,2020 Q1,,
2020,1,Kaura,Male,0,0,1,0,7,1,3,5,17,2020 Q1,,
2020,1,Kaura,Female,0,0,1,0,0,0,0,1,2,2020 Q1,,
2020,1,Kauru,Male,0,1,1,1,9,3,0,0,15,2020 Q1,,
2020,1,Kauru,Female,0,0,0,2,3,0,0,0,5,2020 Q1,,
2020,1,Kubau,Male,0,0,0,2,2,4,2,1,11,2020 Q1,,
2020,1,Kubau,Female,0,,2,1,2,1,0,0,6,2020 Q1,,
2020,1,Kudan,Male,0,2,1,2,0,0,3,2,10,2020 Q1,,
2020,1,Kudan,Female,0,0,1,2,1,2,2,1,9,2020 Q1,,
2020,1,Lere,Male,0,1,2,7,4,2,2,2,20,2020 Q1,,
2020,1,Lere,Female,0,1,2,5,0,4,0,0,12,2020 Q1,,
2020,1,Markafi,Male,0,0,6,5,3,0,3,1,18,2020 Q1,,
2020,1,Markafi,Female,0,1,3,5,2,0,3,2,16,2020 Q1,,
2020,1,Sabon-Gari,Male,1,1,6,9,2,3,0,0,22,2020 Q1,,
2020,1,Sabon-Gari,Female,0,1,4,10,4,4,0,0,23,2020 Q1,,
2020,1,Sanga,Male,0,0,1,2,3,6,3,2,17,2020 Q1,,
2020,1,Sanga,Female,0,0,4,2,4,3,1,0,14,2020 Q1,,
2020,1,Soba,Male,0,0,2,5,2,0,0,3,12,2020 Q1,,
2020,1,Soba,Female,0,1,0,2,1,0,1,0,5,2020 Q1,,
2020,1,Zango-Kataf,Male,0,0,1,1,6,7,3,4,22,2020 Q1,,
2020,1,Zango-Kataf,Female,0,0,2,2,4,2,1,1,12,2020 Q1,,
2020,1,Zaria,Male,0,3,28,27,13,9,2,2,84,2020 Q1,,
2020,1,Zaria,Female,1,4,10,18,6,5,2,3,49,2020 Q1,,
2020,2,Birnin-Gwari,Male,0,0,2,2,4,1,1,0,10,2020 Q2,,
2020,2,Birnin-Gwari,Female,0,1,0,1,1,1,0,0,4,2020 Q2,,
2020,2,Chikun,Male,0,0,5,12,18,9,3,3,50,2020 Q2,,
2020,2,Chikun,Female,0,0,4,4,2,1,0,1,12,2020 Q2,,
2020,2,Giwa,Male,7,6,1,1,2,2,0,0,19,2020 Q2,,
2020,2,Giwa,Female,4,3,0,3,1,1,1,1,14,2020 Q2,,
2020,2,Igabi,Male,0,1,7,10,4,4,2,2,30,2020 Q2,,
2020,2,Igabi,Female,0,0,4,4,3,2,0,0,13,2020 Q2,,
2020,2,Ikara,Male,0,0,3,6,4,1,0,0,14,2020 Q2,,
2020,2,Ikara,Female,0,0,1,2,1,0,1,0,5,2020 Q2,,
2020,2,Jaba,Male,0,0,1,0,1,5,1,2,10,2020 Q2,,
2020,2,Jaba,Female,0,0,0,0,1,2,0,0,3,2020 Q2,,
2020,2,Jema'a,Male,0,0,3,6,7,6,5,1,28,2020 Q2,,
2020,2,Jema'a,Female,0,0,1,3,3,3,0,1,11,2020 Q2,,
2020,2,Kachia,Male,0,2,2,7,19,23,15,5,73,2020 Q2,,
2020,2,Kachia,Female,0,0,1,9,14,20,10,0,54,2020 Q2,,
2020,2,Kaduna North,Male,1,0,21,38,16,14,5,2,97,2020 Q2,,
2020,2,Kaduna North,Female,0,1,21,42,17,11,1,0,93,2020 Q2,,
2020,2,Kaduna South,Male,1,4,29,42,29,14,16,11,146,2020 Q2,,
2020,2,Kaduna South,Female,2,2,20,12,12,8,2,4,62,2020 Q2,,
2020,2,Kagarko,Male,0,0,2,2,3,1,1,1,10,2020 Q2,,
2020,2,Kagarko,Female,0,0,2,2,2,0,0,1,7,2020 Q2,,
2020,2,Kajuru,Male,0,0,3,4,3,3,1,0,14,2020 Q2,,
2020,2,Kajuru,Female,0,0,1,4,0,1,1,0,7,2020 Q2,,
2020,2,Kaura,Male,0,1,2,3,3,2,3,0,14,2020 Q2,,
2020,2,Kaura,Female,0,0,3,1,0,0,1,1,6,2020 Q2,,
2020,2,Kauru,Male,0,0,0,9,7,0,0,0,16,2020 Q2,,
2020,2,Kauru,Female,0,0,0,5,1,0,0,0,6,2020 Q2,,
2020,2,Kubau,Male,0,0,3,3,4,3,1,0,14,2020 Q2,,
2020,2,Kubau,Female,0,0,2,1,2,0,1,1,7,2020 Q2,,
2020,2,Kudan,Male,0,0,0,1,3,1,0,0,5,2020 Q2,,
2020,2,Kudan,Female,0,2,0,0,1,0,1,1,5,2020 Q2,,
2020,2,Lere,Male,0,1,5,1,5,5,2,0,19,2020 Q2,,
2020,2,Lere,Female,0,0,3,2,1,3,0,0,9,2020 Q2,,
2020,2,Markafi,Male,0,1,6,5,5,4,3,2,26,2020 Q2,,
2020,2,Markafi,Female,1,0,0,4,3,1,0,0,9,2020 Q2,,
2020,2,Sabon-Gari,Male,1,0,4,20,10,4,1,3,43,2020 Q2,,
2020,2,Sabon-Gari,Female,0,2,7,9,0,7,1,1,27,2020 Q2,,
2020,2,Sanga,Male,0,0,3,2,3,2,1,2,13,2020 Q2,,
2020,2,Sanga,Female,0,0,2,1,3,1,1,0,8,2020 Q2,,
2020,2,Soba,Male,0,1,0,2,5,1,0,2,11,2020 Q2,,
2020,2,Soba,Female,0,0,1,3,4,2,0,0,10,2020 Q2,,
2020,2,Zango-Kataf,Male,0,0,1,2,13,6,3,1,26,2020 Q2,,
2020,2,Zango-Kataf,Female,0,0,1,2,0,0,1,1,5,2020 Q2,,
2020,2,Zaria,Male,0,1,25,42,15,11,2,4,100,2020 Q2,,
2020,2,Zaria,Female,0,1,14,14,12,12,3,2,58,2020 Q2,,
2020,3,Birnin-Gwari,Male,0,0,0,2,0,4,1,1,8,2020 Q3,,
2020,3,Birnin-Gwari,Female,0,1,2,2,5,3,2,0,15,2020 Q3,,
2020,3,Chikun,Male,1,1,9,12,15,7,1,4,50,2020 Q3,,
2020,3,Chikun,Female,0,1,2,6,5,3,0,1,18,2020 Q3,,
2020,3,Giwa,Male,7,4,0,5,3,5,6,2,32,2020 Q3,,
2020,3,Giwa,Female,4,7,0,3,2,3,1,1,21,2020 Q3,,
2020,3,Igabi,Male,0,1,9,13,12,6,1,4,46,2020 Q3,,
2020,3,Igabi,Female,0,2,11,3,4,2,1,1,24,2020 Q3,,
2020,3,Ikara,Male,0,0,0,5,2,0,1,0,8,2020 Q3,,
2020,3,Ikara,Female,0,0,0,0,1,3,1,1,6,2020 Q3,,
2020,3,Jaba,Male,0,0,0,1,1,3,0,2,7,2020 Q3,,
2020,3,Jaba,Female,0,0,0,1,0,1,1,0,3,2020 Q3,,
2020,3,Jema'a,Male,0,0,5,8,10,8,5,1,37,2020 Q3,,
2020,3,Jema'a,Female,0,0,3,5,2,0,0,1,11,2020 Q3,,
2020,3,Kachia,Male,0,3,3,5,26,26,19,3,85,2020 Q3,,
2020,3,Kachia,Female,0,1,0,12,16,13,9,5,56,2020 Q3,,
2020,3,Kaduna North,Male,1,1,25,47,43,23,9,6,155,2020 Q3,,
2020,3,Kaduna North,Female,3,6,20,35,22,9,6,0,101,2020 Q3,,
2020,3,Kaduna South,Male,2,4,24,44,28,14,14,15,145,2020 Q3,,
2020,3,Kaduna South,Female,1,4,21,20,11,9,5,3,74,2020 Q3,,
2020,3,Kagarko,Male,0,0,3,2,0,2,0,2,9,2020 Q3,,
2020,3,Kagarko,Female,0,0,2,0,1,1,0,0,4,2020 Q3,,
2020,3,Kajuru,Male,0,0,0,3,4,6,2,0,15,2020 Q3,,
2020,3,Kajuru,Female,0,0,1,3,4,0,0,0,8,2020 Q3,,
2020,3,Kaura,Male,0,0,0,4,4,4,0,3,15,2020 Q3,,
2020,3,Kaura,Female,0,0,0,0,0,2,1,0,3,2020 Q3,,
2020,3,Kauru,Male,0,0,2,8,12,1,0,1,24,2020 Q3,,
2020,3,Kauru,Female,0,0,1,3,4,0,0,0,8,2020 Q3,,
2020,3,Kubau,Male,0,0,3,5,2,2,2,2,16,2020 Q3,,
2020,3,Kubau,Female,0,0,1,3,7,1,0,1,13,2020 Q3,,
2020,3,Kudan,Male,0,0,2,2,3,1,3,0,11,2020 Q3,,
2020,3,Kudan,Female,0,0,2,1,3,3,2,,11,2020 Q3,,
2020,3,Lere,Male,0,1,4,3,6,2,1,1,18,2020 Q3,,
2020,3,Lere,Female,0,0,3,7,2,0,0,0,12,2020 Q3,,
2020,3,Markafi,Male,0,2,1,7,4,0,4,2,20,2020 Q3,,
2020,3,Markafi,Female,0,1,0,9,3,2,0,0,15,2020 Q3,,
2020,3,Sabon-Gari,Male,0,0,17,17,9,4,4,0,51,2020 Q3,,
2020,3,Sabon-Gari,Female,0,3,6,11,3,0,4,1,28,2020 Q3,,
2020,3,Sanga,Male,0,1,1,2,3,7,1,2,17,2020 Q3,,
2020,3,Sanga,Female,0,0,2,3,3,1,4,3,16,2020 Q3,,
2020,3,Soba,Male,0,0,3,4,3,2,4,1,17,2020 Q3,,
2020,3,Soba,Female,0,0,4,6,6,3,2,0,21,2020 Q3,,
2020,3,Zango-Kataf,Male,0,0,4,8,9,4,2,3,30,2020 Q3,,
2020,3,Zango-Kataf,Female,0,0,1,1,3,2,2,2,11,2020 Q3,,
2020,3,Zaria,Male,0,1,22,53,27,11,2,1,117,2020 Q3,,
2020,3,Zaria,Female,0,0,22,33,19,5,1,1,81,2020 Q3,,
2020,4,Birnin-Gwari,Male,0,0,4,5,4,3,4,5,25,2020 Q4,,
2020,4,Birnin-Gwari,Female,0,2,1,4,4,1,4,5,21,2020 Q4,,
2020,4,Chikun,Male,0,0,4,18,18,7,3,3,53,2020 Q4,,
2020,4,Chikun,Female,0,0,3,3,2,1,2,2,13,2020 Q4,,
2020,4,Giwa,Male,14,5,0,5,5,2,0,3,34,2020 Q4,,
2020,4,Giwa,Female,3,4,3,4,4,4,0,2,24,2020 Q4,,
2020,4,Igabi,Male,2,2,15,19,7,7,9,1,62,2020 Q4,,
2020,4,Igabi,Female,2,3,6,11,10,1,4,0,37,2020 Q4,,
2020,4,Ikara,Male,0,0,2,9,6,1,0,4,22,2020 Q4,,
2020,4,Ikara,Female,0,0,2,2,1,3,1,0,9,2020 Q4,,
2020,4,Jaba,Male,0,0,1,0,6,1,1,0,9,2020 Q4,,
2020,4,Jaba,Female,0,0,0,1,1,1,1,0,4,2020 Q4,,
2020,4,Jema'a,Male,0,0,2,12,13,5,2,3,37,2020 Q4,,
2020,4,Jema'a,Female,0,0,5,5,9,0,0,1,20,2020 Q4,,
2020,4,Kachia,Male,0,0,5,16,20,14,17,4,76,2020 Q4,,
2020,4,Kachia,Female,0,1,4,17,28,27,7,7,91,2020 Q4,,
2020,4,Kaduna North,Male,1,6,51,54,44,22,12,12,202,2020 Q4,,
2020,4,Kaduna North,Female,6,10,36,42,17,16,4,2,133,2020 Q4,,
2020,4,Kaduna South,Male,1,4,27,48,29,22,14,12,157,2020 Q4,,
2020,4,Kaduna South,Female,0,2,24,23,16,6,5,6,82,2020 Q4,,
2020,4,Kagarko,Male,0,0,2,2,3,3,5,1,16,2020 Q4,,
2020,4,Kagarko,Female,0,0,1,5,1,0,3,0,10,2020 Q4,,
2020,4,Kajuru,Male,0,0,1,4,6,0,0,3,14,2020 Q4,,
2020,4,Kajuru,Female,0,0,4,5,4,0,1,1,15,2020 Q4,,
2020,4,Kaura,Male,0,0,0,2,5,4,1,2,14,2020 Q4,,
2020,4,Kaura,Female,0,0,0,3,0,0,1,2,6,2020 Q4,,
2020,4,Kauru,Male,0,0,0,28,30,2,4,0,64,2020 Q4,,
2020,4,Kauru,Female,0,0,0,10,4,0,0,0,14,2020 Q4,,
2020,4,Kubau,Male,1,0,4,6,6,5,2,2,26,2020 Q4,,
2020,4,Kubau,Female,0,0,2,1,3,1,0,0,7,2020 Q4,,
2020,4,Kudan,Male,0,0,3,4,5,0,1,2,15,2020 Q4,,
2020,4,Kudan,Female,0,0,3,3,6,2,0,0,14,2020 Q4,,
2020,4,Lere,Male,1,3,2,7,3,7,1,6,30,2020 Q4,,
2020,4,Lere,Female,0,1,0,4,7,1,0,5,18,2020 Q4,,
2020,4,Markafi,Male,0,1,4,7,7,6,2,6,33,2020 Q4,,
2020,4,Markafi,Female,0,0,5,7,0,8,5,2,27,2020 Q4,,
2020,4,Sabon-Gari,Male,0,1,16,13,9,4,3,5,51,2020 Q4,,
2020,4,Sabon-Gari,Female,0,2,9,13,5,2,2,3,36,2020 Q4,,
2020,4,Sanga,Male,0,0,2,2,1,5,0,2,12,2020 Q4,,
2020,4,Sanga,Female,0,0,2,1,1,1,1,3,9,2020 Q4,,
2020,4,Soba,Male,0,1,1,8,11,3,4,1,29,2020 Q4,,
2020,4,Soba,Female,2,2,3,4,8,3,0,0,22,2020 Q4,,
2020,4,Zango-Kataf,Male,0,0,1,4,10,14,3,0,32,2020 Q4,,
2020,4,Zango-Kataf,Female,0,0,2,2,4,3,5,2,18,2020 Q4,,
2020,4,Zaria,Male,3,1,29,49,26,18,9,3,138,2020 Q4,,
2020,4,Zaria,Female,0,1,24,31,20,9,6,1,92,2020 Q4,,
2021,1,Birnin-Gwari,Male,0,2,1,0,4,5,2,5,19,2021 Q1,,
2021,1,Birnin-Gwari,Female,0,0,1,3,2,0,0,4,10,2021 Q1,,
2021,1,Chikun,Male,0,0,8,13,25,10,5,1,62,2021 Q1,,
2021,1,Chikun,Female,0,0,8,6,6,4,5,4,33,2021 Q1,,
2021,1,Giwa,Male,9,6,3,10,7,3,4,2,44,2021 Q1,,
2021,1,Giwa,Female,6,6,2,2,5,4,1,1,27,2021 Q1,,
2021,1,Igabi,Male,0,0,11,29,12,10,2,3,67,2021 Q1,,
2021,1,Igabi,Female,0,1,11,12,5,3,0,1,33,2021 Q1,,
2021,1,Ikara,Male,0,0,2,6,1,0,1,0,10,2021 Q1,,
2021,1,Ikara,Female,0,0,2,2,1,1,2,1,9,2021 Q1,,
2021,1,Jaba,Male,0,1,0,5,6,3,4,1,20,2021 Q1,,
2021,1,Jaba,Female,0,0,0,0,2,0,0,1,3,2021 Q1,,
2021,1,Jema'a,Male,0,0,2,6,17,12,7,0,44,2021 Q1,,
2021,1,Jema'a,Female,0,1,1,3,3,5,4,0,17,2021 Q1,,
2021,1,Kachia,Male,0,0,3,16,24,34,13,5,95,2021 Q1,,
2021,1,Kachia,Female,0,0,4,14,30,16,14,3,81,2021 Q1,,
2021,1,Kaduna North,Male,6,5,40,58,59,11,9,13,201,2021 Q1,,
2021,1,Kaduna North,Female,5,7,39,50,32,14,9,2,158,2021 Q1,,
2021,1,Kaduna South,Male,6,9,34,53,49,15,10,12,188,2021 Q1,,
2021,1,Kaduna South,Female,1,7,30,25,20,7,5,9,104,2021 Q1,,
2021,1,Kagarko,Male,0,1,0,3,1,1,0,0,6,2021 Q1,,
2021,1,Kagarko,Female,0,2,2,3,0,2,2,3,14,2021 Q1,,
2021,1,Kajuru,Male,0,1,1,6,8,3,1,1,21,2021 Q1,,
2021,1,Kajuru,Female,0,0,3,3,4,3,0,0,13,2021 Q1,,
2021,1,Kaura,Male,0,0,1,3,11,6,3,4,28,2021 Q1,,
2021,1,Kaura,Female,0,0,1,0,3,4,1,3,12,2021 Q1,,
2021,1,Kauru,Male,1,0,0,43,46,0,1,1,92,2021 Q1,,
2021,1,Kauru,Female,0,0,0,9,12,0,0,0,21,2021 Q1,,
2021,1,Kubau,Male,0,0,3,7,8,6,2,1,27,2021 Q1,,
2021,1,Kubau,Female,0,0,2,4,3,2,0,1,12,2021 Q1,,
2021,1,Kudan,Male,0,0,5,3,3,1,2,0,14,2021 Q1,,
2021,1,Kudan,Female,0,0,1,2,2,2,0,0,7,2021 Q1,,
2021,1,Lere,Male,0,0,4,9,10,7,3,3,36,2021 Q1,,
2021,1,Lere,Female,0,0,1,5,6,1,0,0,13,2021 Q1,,
2021,1,Markafi,Male,1,0,5,11,6,4,4,5,36,2021 Q1,,
2021,1,Markafi,Female,0,2,4,5,3,2,3,3,22,2021 Q1,,
2021,1,Sabon-Gari,Male,0,1,8,12,4,7,3,1,36,2021 Q1,,
2021,1,Sabon-Gari,Female,0,0,12,2,6,4,3,3,30,2021 Q1,,
2021,1,Sanga,Male,0,2,0,7,2,2,3,3,19,2021 Q1,,
2021,1,Sanga,Female,0,0,2,3,2,0,0,2,9,2021 Q1,,
2021,1,Soba,Male,0,0,1,3,3,3,3,2,15,2021 Q1,,
2021,1,Soba,Female,0,0,4,8,5,7,4,0,28,2021 Q1,,
2021,1,Zango-Kataf,Male,0,0,0,7,9,8,3,3,30,2021 Q1,,
2021,1,Zango-Kataf,Female,0,0,3,3,3,5,4,8,26,2021 Q1,,
2021,1,Zaria,Male,1,1,24,36,21,14,8,3,108,2021 Q1,,
2021,1,Zaria,Female,0,2,27,21,14,8,5,4,81,2021 Q1,,
2021,2,Birnin-Gwari,Male,0,1,6,3,7,12,12,9,50,2021 Q2,,
2021,2,Birnin-Gwari,Female,0,0,2,6,4,4,5,4,25,2021 Q2,,
2021,2,Chikun,Male,0,1,11,24,29,21,8,2,96,2021 Q2,,
2021,2,Chikun,Female,0,0,5,7,6,5,3,1,27,2021 Q2,,
2021,2,Giwa,Male,11,8,3,11,10,16,15,5,79,2021 Q2,,
2021,2,Giwa,Female,6,5,6,14,9,10,3,4,57,2021 Q2,,
2021,2,Igabi,Male,2,1,8,26,6,8,1,3,55,2021 Q2,,
2021,2,Igabi,Female,2,2,13,7,6,3,0,1,34,2021 Q2,,
2021,2,Ikara,Male,0,2,2,5,0,5,1,0,15,2021 Q2,,
2021,2,Ikara,Female,0,3,1,3,3,1,0,0,11,2021 Q2,,
2021,2,Jaba,Male,0,0,2,1,11,5,1,1,21,2021 Q2,,
2021,2,Jaba,Female,0,0,1,0,2,0,0,0,3,2021 Q2,,
2021,2,Jema'a,Male,0,0,7,10,9,18,9,4,57,2021 Q2,,
2021,2,Jema'a,Female,0,0,4,9,9,11,0,0,33,2021 Q2,,
2021,2,Kachia,Male,0,0,8,22,34,36,26,17,143,2021 Q2,,
2021,2,Kachia,Female,0,0,4,24,29,24,24,11,116,2021 Q2,,
2021,2,Kaduna North,Male,4,8,47,62,47,15,12,9,204,2021 Q2,,
2021,2,Kaduna North,Female,1,6,45,61,37,9,7,3,169,2021 Q2,,
2021,2,Kaduna South,Male,3,8,28,43,42,20,7,7,158,2021 Q2,,
2021,2,Kaduna South,Female,3,1,26,15,18,12,6,10,91,2021 Q2,,
2021,2,Kagarko,Male,0,1,0,2,3,1,0,1,8,2021 Q2,,
2021,2,Kagarko,Female,0,0,1,4,4,1,0,0,10,2021 Q2,,
2021,2,Kajuru,Male,0,0,8,10,11,7,7,1,44,2021 Q2,,
2021,2,Kajuru,Female,0,1,8,25,9,1,2,0,46,2021 Q2,,
2021,2,Kaura,Male,0,0,3,2,6,2,2,2,17,2021 Q2,,
2021,2,Kaura,Female,0,0,0,1,0,2,2,2,7,2021 Q2,,
2021,2,Kauru,Male,0,0,0,56,30,25,6,0,117,2021 Q2,,
2021,2,Kauru,Female,0,0,0,15,15,10,10,0,50,2021 Q2,,
2021,2,Kubau,Male,0,0,2,9,9,4,1,0,25,2021 Q2,,
2021,2,Kubau,Female,0,1,3,8,1,3,2,0,18,2021 Q2,,
2021,2,Kudan,Male,0,0,3,2,2,3,2,0,12,2021 Q2,,
2021,2,Kudan,Female,0,1,0,3,4,3,0,0,11,2021 Q2,,
2021,2,Lere,Male,0,1,5,10,7,10,2,2,37,2021 Q2,,
2021,2,Lere,Female,0,1,3,3,4,3,3,3,20,2021 Q2,,
2021,2,Markafi,Male,1,0,7,9,7,3,3,6,36,2021 Q2,,
2021,2,Markafi,Female,1,3,1,5,5,6,2,1,24,2021 Q2,,
2021,2,Sabon-Gari,Male,1,0,13,8,12,5,5,2,46,2021 Q2,,
2021,2,Sabon-Gari,Female,0,1,15,11,4,3,1,1,36,2021 Q2,,
2021,2,Sanga,Male,0,2,1,3,5,3,2,2,18,2021 Q2,,
2021,2,Sanga,Female,0,0,2,2,1,0,1,1,7,2021 Q2,,
2021,2,Soba,Male,0,1,8,4,2,6,3,1,25,2021 Q2,,
2021,2,Soba,Female,1,0,7,8,7,6,1,0,30,2021 Q2,,
2021,2,Zango-Kataf,Male,0,0,3,7,10,11,8,4,43,2021 Q2,,
2021,2,Zango-Kataf,Female,0,0,1,6,5,4,2,1,19,2021 Q2,,
2021,2,Zaria,Male,0,2,44,62,28,13,9,6,164,2021 Q2,,
2021,2,Zaria,Female,0,4,33,47,19,7,3,1,114,2021 Q2,,
2021,3,Birnin-Gwari,Male,0,0,1,5,6,7,1,14,34,2021 Q3,,
2021,3,Birnin-Gwari,Female,0,0,2,2,3,3,0,6,16,2021 Q3,,
2021,3,Chikun,Male,0,2,16,20,39,23,5,6,111,2021 Q3,,
2021,3,Chikun,Female,0,0,8,11,11,5,1,0,36,2021 Q3,,
2021,3,Giwa,Male,7,4,13,39,30,15,11,6,125,2021 Q3,,
2021,3,Giwa,Female,3,6,17,39,19,11,9,4,108,2021 Q3,,
2021,3,Igabi,Male,1,4,12,19,11,9,2,5,63,2021 Q3,,
2021,3,Igabi,Female,2,5,11,17,5,1,4,1,46,2021 Q3,,
2021,3,Ikara,Male,0,0,3,5,5,4,1,2,20,2021 Q3,,
2021,3,Ikara,Female,0,2,2,3,0,1,1,0,9,2021 Q3,,
2021,3,Jaba,Male,0,0,0,3,10,4,0,3,20,2021 Q3,,
2021,3,Jaba,Female,0,0,1,2,1,0,0,1,5,2021 Q3,,
2021,3,Jema'a,Male,0,0,4,19,22,17,6,6,74,2021 Q3,,
2021,3,Jema'a,Female,0,0,5,17,12,7,3,1,45,2021 Q3,,
2021,3,Kachia,Male,0,1,1,21,32,38,28,6,127,2021 Q3,,
2021,3,Kachia,Female,0,1,8,25,21,19,8,4,86,2021 Q3,,
2021,3,Kaduna North,Male,4,8,50,80,49,17,9,7,224,2021 Q3,,
2021,3,Kaduna North,Female,3,9,62,48,27,18,8,5,180,2021 Q3,,
2021,3,Kaduna South,Male,3,3,30,47,44,20,14,11,172,2021 Q3,,
2021,3,Kaduna South,Female,1,3,24,18,17,9,2,7,81,2021 Q3,,
2021,3,Kagarko,Male,0,0,5,5,10,4,3,1,28,2021 Q3,,
2021,3,Kagarko,Female,0,1,1,2,0,0,0,0,4,2021 Q3,,
2021,3,Kajuru,Male,0,0,4,21,18,12,4,1,60,2021 Q3,,
2021,3,Kajuru,Female,0,0,4,24,11,3,3,0,45,2021 Q3,,
2021,3,Kaura,Male,0,0,0,1,5,3,0,0,9,2021 Q3,,
2021,3,Kaura,Female,0,0,0,1,1,1,0,0,3,2021 Q3,,
2021,3,Kauru,Male,0,1,15,32,36,16,13,18,131,2021 Q3,,
2021,3,Kauru,Female,0,0,10,15,25,13,1,4,68,2021 Q3,,
2021,3,Kubau,Male,0,0,6,5,4,2,7,0,24,2021 Q3,,
2021,3,Kubau,Female,0,1,2,5,6,2,2,0,18,2021 Q3,,
2021,3,Kudan,Male,0,0,6,2,3,5,4,0,20,2021 Q3,,
2021,3,Kudan,Female,0,0,0,5,4,3,0,0,12,2021 Q3,,
2021,3,Lere,Male,0,2,3,9,3,8,2,1,28,2021 Q3,,
2021,3,Lere,Female,0,0,2,3,8,1,2,0,16,2021 Q3,,
2021,3,Markafi,Male,2,1,4,11,7,7,4,10,46,2021 Q3,,
2021,3,Markafi,Female,0,1,2,10,4,5,0,2,24,2021 Q3,,
2021,3,Sabon-Gari,Male,2,2,22,21,13,2,1,4,67,2021 Q3,,
2021,3,Sabon-Gari,Female,0,2,23,8,5,1,1,0,40,2021 Q3,,
2021,3,Sanga,Male,0,0,1,2,1,5,1,1,11,2021 Q3,,
2021,3,Sanga,Female,0,1,0,3,4,0,1,2,11,2021 Q3,,
2021,3,Soba,Male,0,1,0,7,6,5,3,0,22,2021 Q3,,
2021,3,Soba,Female,1,1,1,13,10,2,2,2,32,2021 Q3,,
2021,3,Zango-Kataf,Male,0,0,1,5,6,11,9,2,34,2021 Q3,,
2021,3,Zango-Kataf,Female,0,0,1,3,7,4,2,2,19,2021 Q3,,
2021,3,Zaria,Male,0,2,64,62,30,24,4,9,195,2021 Q3,,
2021,3,Zaria,Female,0,5,54,58,25,11,5,4,162,2021 Q3,,
2021,4,Birnin-Gwari,Male,0,0,2,5,12,12,11,17,59,2021 Q4,,
2021,4,Birnin-Gwari,Female,0,0,7,3,9,9,9,9,46,2021 Q4,,
2021,4,Chikun,Male,0,2,34,70,72,36,7,4,225,2021 Q4,,
2021,4,Chikun,Female,0,0,33,46,26,7,2,0,114,2021 Q4,,
2021,4,Giwa,Male,8,4,73,113,37,15,5,4,259,2021 Q4,,
2021,4,Giwa,Female,2,5,96,110,21,13,4,2,253,2021 Q4,,
2021,4,Igabi,Male,3,0,34,47,21,14,9,2,130,2021 Q4,,
2021,4,Igabi,Female,1,2,11,24,13,6,4,0,61,2021 Q4,,
2021,4,Ikara,Male,3,1,2,5,4,3,1,1,20,2021 Q4,,
2021,4,Ikara,Female,4,1,1,5,2,1,0,2,16,2021 Q4,,
2021,4,Jaba,Male,0,0,2,1,3,5,3,1,15,2021 Q4,,
2021,4,Jaba,Female,0,0,0,0,1,2,0,0,3,2021 Q4,,
2021,4,Jema'a,Male,0,0,7,18,27,11,13,2,78,2021 Q4,,
2021,4,Jema'a,Female,0,0,11,18,10,4,9,2,54,2021 Q4,,
2021,4,Kachia,Male,0,0,13,28,41,35,43,35,195,2021 Q4,,
2021,4,Kachia,Female,0,0,1,29,22,9,16,12,89,2021 Q4,,
2021,4,Kaduna North,Male,3,6,16,71,86,57,16,9,264,2021 Q4,,
2021,4,Kaduna North,Female,2,4,24,58,72,47,14,3,224,2021 Q4,,
2021,4,Kaduna South,Male,1,8,37,40,44,33,12,12,187,2021 Q4,,
2021,4,Kaduna South,Female,1,4,32,25,17,9,5,5,98,2021 Q4,,
2021,4,Kagarko,Male,0,0,1,3,4,1,0,0,9,2021 Q4,,
2021,4,Kagarko,Female,0,0,5,4,0,2,0,0,11,2021 Q4,,
2021,4,Kajuru,Male,0,0,25,33,18,12,2,1,91,2021 Q4,,
2021,4,Kajuru,Female,0,0,15,11,8,8,3,0,45,2021 Q4,,
2021,4,Kaura,Male,0,0,1,3,8,4,2,2,20,2021 Q4,,
2021,4,Kaura,Female,0,0,0,1,2,1,1,0,5,2021 Q4,,
2021,4,Kauru,Male,3,0,20,35,40,45,27,0,170,2021 Q4,,
2021,4,Kauru,Female,0,0,10,27,20,25,33,0,115,2021 Q4,,
2021,4,Kubau,Male,0,1,2,11,10,10,2,4,40,2021 Q4,,
2021,4,Kubau,Female,0,2,1,1,3,8,6,1,22,2021 Q4,,
2021,4,Kudan,Male,1,0,2,10,4,5,1,0,23,2021 Q4,,
2021,4,Kudan,Female,0,1,2,3,3,4,0,0,13,2021 Q4,,
2021,4,Lere,Male,0,2,5,12,8,5,4,2,38,2021 Q4,,
2021,4,Lere,Female,0,2,0,4,8,1,4,1,20,2021 Q4,,
2021,4,Markafi,Male,2,1,3,8,5,5,6,14,44,2021 Q4,,
2021,4,Markafi,Female,2,2,7,13,7,6,6,4,47,2021 Q4,,
2021,4,Sabon-Gari,Male,0,0,21,22,16,12,8,5,84,2021 Q4,,
2021,4,Sabon-Gari,Female,0,2,12,8,7,3,1,2,35,2021 Q4,,
2021,4,Sanga,Male,0,0,2,1,4,4,0,1,12,2021 Q4,,
2021,4,Sanga,Female,0,0,0,0,3,0,3,2,8,2021 Q4,,
2021,4,Soba,Male,1,1,1,7,9,4,1,2,26,2021 Q4,,
2021,4,Soba,Female,0,0,3,6,4,2,2,2,19,2021 Q4,,
2021,4,Zango-Kataf,Male,0,0,1,2,11,15,6,3,38,2021 Q4,,
2021,4,Zango-Kataf,Female,0,0,1,9,8,5,0,3,26,2021 Q4,,
2021,4,Zaria,Male,0,3,79,101,44,20,8,5,260,2021 Q4,,
2021,4,Zaria,Female,0,2,76,46,22,11,7,6,170,2021 Q4,,
2022,1,Birnin-Gwari,Male,0,0,7,16,18,11,11,15,78,2022 Q1,,
2022,1,Birnin-Gwari,Female,0,0,2,14,8,9,6,3,42,2022 Q1,,
2022,2,Birnin-Gwari,Male,0,0,3,13,3,10,22,14,65,2022 Q2,,
2022,2,Birnin-Gwari,Female,0,0,1,6,7,16,8,6,44,2022 Q2,,
2022,3,Birnin-Gwari,Male,0,0,5,8,6,8,8,15,50,2022 Q3,,
2022,3,Birnin-Gwari,Female,0,1,3,7,7,11,9,15,53,2022 Q3,,
2022,4,Birnin-Gwari,Male,2,2,12,7,8,13,10,14,68,2022 Q4,,
2022,4,Birnin-Gwari,Female,1,5,4,14,14,13,15,12,78,2022 Q4,,
2022,1,Chikun,Male,0,0,12,25,95,32,30,0,194,2022 Q1,,
2022,1,Chikun,Female,1,1,6,18,63,29,7,0,125,2022 Q1,,
2022,2,Chikun,Male,0,0,25,43,48,27,15,3,161,2022 Q2,,
2022,2,Chikun,Female,1,3,23,19,21,7,5,3,82,2022 Q2,,
2022,3,Chikun,Male,2,3,27,75,75,39,24,9,254,2022 Q3,,
2022,3,Chikun,Female,2,3,18,35,38,17,6,3,122,2022 Q3,,
2022,4,Chikun,Male,1,5,29,95,94,52,11,5,292,2022 Q4,,
2022,4,Chikun,Female,1,4,20,54,52,23,8,3,165,2022 Q4,,
2022,1,Giwa,Male,5,9,82,144,34,6,2,2,284,2022 Q1,,
2022,1,Giwa,Female,3,2,98,110,21,3,1,1,239,2022 Q1,,
2022,2,Giwa,Male,15,7,74,133,9,3,1,0,242,2022 Q2,,
2022,2,Giwa,Female,4,5,65,87,7,5,1,0,174,2022 Q2,,
2022,3,Giwa,Male,28,25,71,88,47,24,7,6,296,2022 Q3,,
2022,3,Giwa,Female,43,23,55,105,38,9,2,1,276,2022 Q3,,
2022,4,Giwa,Male,14,73,78,80,40,12,2,0,299,2022 Q4,,
2022,4,Giwa,Female,8,73,87,77,29,4,0,0,278,2022 Q4,,
2022,1,Igabi,Male,1,10,21,23,18,8,5,8,94,2022 Q1,,
2022,1,Igabi,Female,0,6,16,13,8,5,3,3,54,2022 Q1,,
2022,2,Igabi,Male,0,4,16,32,18,12,7,1,90,2022 Q2,,
2022,2,Igabi,Female,2,1,21,18,12,6,2,1,63,2022 Q2,,
2022,3,Igabi,Male,3,7,40,35,43,15,6,4,153,2022 Q3,,
2022,3,Igabi,Female,1,3,23,30,18,8,4,3,90,2022 Q3,,
2022,4,Igabi,Male,4,4,21,34,18,20,10,3,114,2022 Q4,,
2022,4,Igabi,Female,5,3,42,25,27,16,15,5,138,2022 Q4,,
2022,1,Ikara,Male,0,2,1,4,6,2,2,3,20,2022 Q1,,
2022,1,Ikara,Female,0,1,1,10,3,2,1,1,19,2022 Q1,,
2022,2,Ikara,Male,0,0,5,7,9,1,2,0,24,2022 Q2,,
2022,2,Ikara,Female,1,0,4,5,3,1,1,1,16,2022 Q2,,
2022,3,Ikara,Male,0,1,0,7,7,5,0,3,23,2022 Q3,,
2022,3,Ikara,Female,0,1,7,6,2,1,0,1,18,2022 Q3,,
2022,4,Ikara,Male,9,5,1,7,1,0,1,2,26,2022 Q4,,
2022,4,Ikara,Female,7,13,4,6,1,1,1,0,33,2022 Q4,,
2022,1,Jaba,Male,0,0,2,6,8,3,4,2,25,2022 Q1,,
2022,1,Jaba,Female,0,0,1,2,5,2,0,0,10,2022 Q1,,
2022,2,Jaba,Male,0,0,2,4,3,4,2,0,15,2022 Q2,,
2022,2,Jaba,Female,0,0,0,2,3,0,0,0,5,2022 Q2,,
2022,3,Jaba,Male,0,0,3,9,15,7,1,0,35,2022 Q3,,
2022,3,Jaba,Female,0,0,0,4,4,5,0,0,13,2022 Q3,,
2022,4,Jaba,Male,0,0,4,13,21,6,0,1,45,2022 Q4,,
2022,4,Jaba,Female,0,0,5,4,7,5,0,0,21,2022 Q4,,
2022,1,Jema'a,Male,0,0,7,20,20,14,9,13,83,2022 Q1,,
2022,1,Jema'a,Female,0,1,9,13,12,7,2,2,46,2022 Q1,,
2022,2,Jema'a,Male,0,1,10,25,24,24,10,8,102,2022 Q2,,
2022,2,Jema'a,Female,0,0,5,24,14,9,2,2,56,2022 Q2,,
2022,3,Jema'a,Male,0,4,14,33,53,38,19,9,170,2022 Q3,,
2022,3,Jema'a,Female,0,2,14,31,26,14,8,4,99,2022 Q3,,
2022,4,Jema'a,Male,0,0,24,66,72,53,26,10,251,2022 Q4,,
2022,4,Jema'a,Female,0,0,23,42,33,23,9,3,133,2022 Q4,,
2022,1,Kachia,Male,0,0,3,30,56,69,40,11,209,2022 Q1,,
2022,1,Kachia,Female,0,0,13,43,38,32,20,8,154,2022 Q1,,
2022,2,Kachia,Male,0,0,10,38,68,52,31,28,227,2022 Q2,,
2022,2,Kachia,Female,0,0,28,10,43,33,28,14,156,2022 Q2,,
2022,3,Kachia,Male,2,2,21,49,67,42,15,7,205,2022 Q3,,
2022,3,Kachia,Female,2,1,58,71,54,38,48,19,291,2022 Q3,,
2022,4,Kachia,Male,0,0,4,36,39,44,75,21,219,2022 Q4,,
2022,4,Kachia,Female,0,0,29,40,68,62,46,31,276,2022 Q4,,
2022,1,Kaduna North,Male,12,21,51,119,93,43,21,6,366,2022 Q1,,
2022,1,Kaduna North,Female,13,14,34,109,54,32,8,7,271,2022 Q1,,
2022,2,Kaduna North,Male,12,13,42,128,94,45,34,6,374,2022 Q2,,
2022,2,Kaduna North,Female,10,11,45,122,88,39,23,5,343,2022 Q2,,
2022,3,Kaduna North,Male,21,23,45,119,108,65,15,6,402,2022 Q3,,
2022,3,Kaduna North,Female,16,21,33,99,89,44,12,5,319,2022 Q3,,
2022,4,Kaduna North,Male,18,38,70,198,115,86,23,8,556,2022 Q4,,
2022,4,Kaduna North,Female,16,30,51,154,110,75,18,6,460,2022 Q4,,
2022,1,Kaduna South,Male,4,4,34,50,50,26,25,7,200,2022 Q1,,
2022,1,Kaduna South,Female,1,9,33,28,25,14,14,0,124,2022 Q1,,
2022,2,Kaduna South,Male,2,4,30,58,58,32,14,8,206,2022 Q2,,
2022,2,Kaduna South,Female,3,2,36,24,27,16,7,6,121,2022 Q2,,
2022,3,Kaduna South,Male,6,4,46,59,53,36,22,18,244,2022 Q3,,
2022,3,Kaduna South,Female,2,6,47,29,25,15,6,4,134,2022 Q3,,
2022,4,Kaduna South,Male,2,4,56,88,74,39,21,13,297,2022 Q4,,
2022,4,Kaduna South,Female,6,9,47,62,40,21,8,5,198,2022 Q4,,
2022,1,Kagarko,Male,0,0,0,2,8,6,1,2,19,2022 Q1,,
2022,1,Kagarko,Female,0,0,4,2,3,3,3,1,16,2022 Q1,,
2022,2,Kagarko,Male,0,0,1,5,5,9,3,0,23,2022 Q2,,
2022,2,Kagarko,Female,0,0,3,3,4,4,1,1,16,2022 Q2,,
2022,3,Kagarko,Male,0,0,2,4,17,7,6,1,37,2022 Q3,,
2022,3,Kagarko,Female,0,0,2,6,13,8,5,2,36,2022 Q3,,
2022,4,Kagarko,Male,0,0,6,15,42,28,16,9,116,2022 Q4,,
2022,4,Kagarko,Female,0,1,7,12,34,17,7,8,86,2022 Q4,,
2022,1,Kajuru,Male,0,0,0,39,57,6,4,0,106,2022 Q1,,
2022,1,Kajuru,Female,0,0,2,26,16,18,11,0,73,2022 Q1,,
2022,2,Kajuru,Male,0,0,16,43,35,29,7,2,132,2022 Q2,,
2022,2,Kajuru,Female,0,0,9,26,28,9,6,1,79,2022 Q2,,
2022,3,Kajuru,Male,0,4,11,45,38,42,28,0,168,2022 Q3,,
2022,3,Kajuru,Female,0,2,4,25,30,14,6,4,85,2022 Q3,,
2022,4,Kajuru,Male,0,3,15,40,49,38,25,10,180,2022 Q4,,
2022,4,Kajuru,Female,0,4,7,35,28,17,8,4,103,2022 Q4,,
2022,1,Kaura,Male,0,0,2,5,5,5,1,2,20,2022 Q1,,
2022,1,Kaura,Female,0,0,0,1,1,0,0,0,2,2022 Q1,,
2022,2,Kaura,Male,0,0,2,6,13,6,3,1,31,2022 Q2,,
2022,2,Kaura,Female,0,0,0,3,3,0,3,1,10,2022 Q2,,
2022,3,Kaura,Male,0,0,3,8,7,3,4,1,26,2022 Q3,,
2022,3,Kaura,Female,0,0,1,4,7,3,1,1,17,2022 Q3,,
2022,4,Kaura,Male,0,0,5,16,20,11,3,2,57,2022 Q4,,
2022,4,Kaura,Female,0,0,4,7,8,3,0,3,25,2022 Q4,,
2022,1,Kauru,Male,0,3,93,68,30,45,40,15,294,2022 Q1,,
2022,1,Kauru,Female,0,3,15,25,20,10,15,15,103,2022 Q1,,
2022,2,Kauru,Male,0,2,90,32,72,20,14,4,234,2022 Q2,,
2022,2,Kauru,Female,0,3,25,40,24,35,20,15,162,2022 Q2,,
2022,3,Kauru,Male,20,30,59,103,91,40,43,34,420,2022 Q3,,
2022,3,Kauru,Female,5,5,33,30,30,10,6,5,124,2022 Q3,,
2022,4,Kauru,Male,0,94,53,97,84,72,24,20,444,2022 Q4,,
2022,4,Kauru,Female,2,60,20,24,20,5,12,10,153,2022 Q4,,
2022,1,Kubau,Male,0,1,4,15,10,12,4,1,47,2022 Q1,,
2022,1,Kubau,Female,0,0,1,1,10,6,3,2,23,2022 Q1,,
2022,2,Kubau,Male,1,1,4,9,8,6,5,1,35,2022 Q2,,
2022,2,Kubau,Female,1,1,2,4,5,7,3,2,25,2022 Q2,,
2022,3,Kubau,Male,1,3,3,9,12,10,7,3,48,2022 Q3,,
2022,3,Kubau,Female,1,6,4,11,8,10,0,2,42,2022 Q3,,
2022,4,Kubau,Male,2,3,13,10,10,6,3,0,47,2022 Q4,,
2022,4,Kubau,Female,3,3,8,11,7,10,3,2,47,2022 Q4,,
2022,1,Kudan,Male,0,0,2,4,5,6,3,0,20,2022 Q1,,
2022,1,Kudan,Female,0,1,2,7,2,5,2,0,19,2022 Q1,,
2022,2,Kudan,Male,1,1,2,5,0,7,4,1,21,2022 Q2,,
2022,2,Kudan,Female,1,1,2,4,6,3,0,1,18,2022 Q2,,
2022,3,Kudan,Male,3,0,4,6,8,4,4,1,30,2022 Q3,,
2022,3,Kudan,Female,4,0,5,3,7,5,2,0,26,2022 Q3,,
2022,4,Kudan,Male,0,2,5,9,7,5,6,2,36,2022 Q4,,
2022,4,Kudan,Female,6,1,5,9,1,1,0,1,24,2022 Q4,,
2022,1,Lere,Male,0,1,2,8,8,9,3,3,34,2022 Q1,,
2022,1,Lere,Female,0,0,4,3,5,3,1,1,17,2022 Q1,,
2022,2,Lere,Male,0,0,2,9,10,5,3,1,30,2022 Q2,,
2022,2,Lere,Female,0,1,4,4,2,2,2,0,15,2022 Q2,,
2022,3,Lere,Male,1,3,6,4,1,7,1,5,28,2022 Q3,,
2022,3,Lere,Female,0,1,1,7,3,2,1,0,15,2022 Q3,,
2022,4,Lere,Male,1,1,2,14,8,7,4,1,38,2022 Q4,,
2022,4,Lere,Female,0,2,8,6,8,1,1,0,26,2022 Q4,,
2022,1,Markafi,Male,1,1,4,15,5,9,6,5,46,2022 Q1,,
2022,1,Markafi,Female,1,3,2,9,5,4,2,3,29,2022 Q1,,
2022,2,Markafi,Male,1,1,5,10,10,10,5,6,48,2022 Q2,,
2022,2,Markafi,Female,1,4,2,7,10,3,4,4,35,2022 Q2,,
2022,3,Markafi,Male,0,2,6,13,11,16,9,14,71,2022 Q3,,
2022,3,Markafi,Female,6,5,6,21,12,5,11,4,70,2022 Q3,,
2022,4,Markafi,Male,4,7,11,15,20,15,7,14,93,2022 Q4,,
2022,4,Markafi,Female,2,4,8,14,10,10,5,6,59,2022 Q4,,
2022,1,Sabon-Gari,Male,0,0,17,29,20,14,8,7,95,2022 Q1,,
2022,1,Sabon-Gari,Female,2,0,16,25,17,5,1,2,68,2022 Q1,,
2022,2,Sabon-Gari,Male,1,4,20,42,35,18,4,1,125,2022 Q2,,
2022,2,Sabon-Gari,Female,0,1,17,25,23,7,5,1,79,2022 Q2,,
2022,3,Sabon-Gari,Male,0,3,33,50,59,32,9,4,190,2022 Q3,,
2022,3,Sabon-Gari,Female,0,2,39,54,34,16,6,1,152,2022 Q3,,
2022,4,Sabon-Gari,Male,4,9,58,61,47,27,5,0,211,2022 Q4,,
2022,4,Sabon-Gari,Female,1,13,36,48,25,9,4,1,137,2022 Q4,,
2022,1,Sanga,Male,0,0,2,5,6,4,4,1,22,2022 Q1,,
2022,1,Sanga,Female,0,3,1,4,2,1,0,1,12,2022 Q1,,
2022,2,Sanga,Male,0,0,5,4,6,3,3,5,26,2022 Q2,,
2022,2,Sanga,Female,0,0,2,4,2,1,1,0,10,2022 Q2,,
2022,3,Sanga,Male,0,0,1,4,2,5,0,0,12,2022 Q3,,
2022,3,Sanga,Female,0,0,1,2,2,3,0,4,12,2022 Q3,,
2022,4,Sanga,Male,0,1,2,11,6,2,2,2,26,2022 Q4,,
2022,4,Sanga,Female,0,1,1,4,6,2,1,1,16,2022 Q4,,
2022,1,Soba,Male,0,0,0,6,7,7,2,0,22,2022 Q1,,
2022,1,Soba,Female,1,1,1,4,7,7,3,2,26,2022 Q1,,
2022,2,Soba,Male,0,1,1,8,5,3,0,0,18,2022 Q2,,
2022,2,Soba,Female,0,0,0,9,12,3,4,2,30,2022 Q2,,
2022,3,Soba,Male,1,1,3,9,13,7,3,1,38,2022 Q3,,
2022,3,Soba,Female,0,0,8,9,12,5,0,1,35,2022 Q3,,
2022,4,Soba,Male,0,0,8,16,20,9,5,2,60,2022 Q4,,
2022,4,Soba,Female,0,0,12,22,14,8,1,1,58,2022 Q4,,
2022,1,Zango-Kataf,Male,0,0,1,14,13,18,5,3,54,2022 Q1,,
2022,1,Zango-Kataf,Female,0,0,0,4,8,11,1,1,25,2022 Q1,,
2022,2,Zango-Kataf,Male,0,0,1,9,13,15,4,10,52,2022 Q2,,
2022,2,Zango-Kataf,Female,0,0,0,8,7,9,2,1,27,2022 Q2,,
2022,3,Zango-Kataf,Male,0,0,3,11,27,29,8,4,82,2022 Q3,,
2022,3,Zango-Kataf,Female,0,0,1,9,14,15,6,3,48,2022 Q3,,
2022,4,Zango-Kataf,Male,0,0,4,15,32,36,12,3,102,2022 Q4,,
2022,4,Zango-Kataf,Female,0,0,6,11,14,15,4,1,51,2022 Q4,,
2022,1,Zaria,Male,10,5,47,57,56,46,25,15,261,2022 Q1,,
2022,1,Zaria,Female,3,15,54,55,53,29,8,4,221,2022 Q1,,
2022,2,Zaria,Male,5,6,57,114,69,52,45,26,374,2022 Q2,,
2022,2,Zaria,Female,3,2,38,82,40,34,33,22,254,2022 Q2,,
2022,3,Zaria,Male,21,23,38,108,111,54,34,30,419,2022 Q3,,
2022,3,Zaria,Female,32,13,45,88,69,37,23,8,315,2022 Q3,,
2022,4,Zaria,Male,32,54,123,111,95,40,13,6,474,2022 Q4,,
2022,4,Zaria,Female,23,47,104,94,47,22,15,10,362,2022 Q4,,
2023,1,Birnin-Gwari,Male,0,5,10,15,5,6,15,11,67,2023 Q1,,
2023,1,Birnin-Gwari,Female,0,1,2,14,8,10,9,13,57,2023 Q1,,
2023,2,Birnin-Gwari,Male,1,3,3,6,12,16,11,4,56,2023 Q2,,
2023,2,Birnin-Gwari,Female,0,5,7,12,17,21,14,8,84,2023 Q2,,
2023,3,Birnin-Gwari,Male,0,12,16,13,10,14,6,4,75,2023 Q3,,
2023,3,Birnin-Gwari,Female,0,2,20,24,20,21,11,6,104,2023 Q3,,
2023,4,Birnin-Gwari,Male,5,14,16,11,9,6,4,11,71,2023 Q4,,
2023,4,Birnin-Gwari,Female,5,16,15,13,20,10,11,14,99,2023 Q4,,
2023,1,Chikun,Male,0,0,19,70,84,40,20,4,237,2023 Q1,,
2023,1,Chikun,Female,2,0,25,32,33,5,6,3,106,2023 Q1,,
2023,2,Chikun,Male,7,5,49,105,93,43,14,9,325,2023 Q2,,
2023,2,Chikun,Female,3,4,29,53,41,22,7,9,168,2023 Q2,,
2023,3,Chikun,Male,1,4,55,137,142,65,20,23,446,2023 Q3,,
2023,3,Chikun,Female,0,2,36,90,63,27,8,4,230,2023 Q3,,
2023,4,Chikun,Male,0,19,73,120,128,55,23,11,429,2023 Q4,,
2023,4,Chikun,Female,0,3,54,80,63,34,20,16,270,2023 Q4,,
2023,1,Giwa,Male,5,27,61,123,70,17,1,3,307,2023 Q1,,
2023,1,Giwa,Female,3,34,84,83,40,9,3,0,256,2023 Q1,,
2023,2,Giwa,Male,3,34,56,81,67,21,2,2,266,2023 Q2,,
2023,2,Giwa,Female,5,30,80,75,43,11,1,2,247,2023 Q2,,
2023,3,Giwa,Male,7,13,53,134,93,28,8,3,332,2023 Q3,,
2023,3,Giwa,Female,8,20,100,107,52,28,3,3,313,2023 Q3,,
2023,4,Giwa,Male,7,10,36,99,80,38,3,0,266,2023 Q4,,
2023,4,Giwa,Female,4,13,63,102,55,20,2,1,256,2023 Q4,,
2023,1,Igabi,Male,1,4,23,35,30,29,15,6,143,2023 Q1,,
2023,1,Igabi,Female,0,0,27,34,27,10,13,0,111,2023 Q1,,
2023,2,Igabi,Male,3,5,27,34,32,29,19,4,153,2023 Q2,,
2023,2,Igabi,Female,1,3,22,27,29,15,13,0,110,2023 Q2,,
2023,3,Igabi,Male,3,7,32,68,35,25,18,3,188,2023 Q3,,
2023,3,Igabi,Female,5,9,20,48,22,15,6,5,125,2023 Q3,,
2023,4,Igabi,Male,8,25,45,54,59,39,31,14,267,2023 Q4,,
2023,4,Igabi,Female,6,17,19,25,22,18,11,7,119,2023 Q4,,
2023,1,Ikara,Male,3,0,4,11,10,3,1,5,37,2023 Q1,,
2023,1,Ikara,Female,1,5,3,5,4,3,0,0,21,2023 Q1,,
2023,2,Ikara,Male,7,5,6,20,18,9,8,2,75,2023 Q2,,
2023,2,Ikara,Female,4,7,9,19,17,8,1,0,65,2023 Q2,,
2023,3,Ikara,Male,2,7,9,23,17,14,2,6,78,2023 Q3,,
2023,3,Ikara,Female,4,0,8,14,9,4,3,3,41,2023 Q3,,
2023,4,Ikara,Male,2,4,15,25,15,22,5,5,91,2023 Q4,,
2023,4,Ikara,Female,8,3,8,24,26,11,5,3,80,2023 Q4,,
2023,1,Jaba,Male,0,0,3,19,24,13,2,0,61,2023 Q1,,
2023,1,Jaba,Female,0,0,6,10,14,2,0,0,32,2023 Q1,,
2023,2,Jaba,Male,0,0,10,27,24,6,2,0,69,2023 Q2,,
2023,2,Jaba,Female,0,0,10,12,11,4,0,0,37,2023 Q2,,
2023,3,Jaba,Male,0,0,21,30,26,10,2,0,89,2023 Q3,,
2023,3,Jaba,Female,0,0,12,25,17,5,0,0,59,2023 Q3,,
2023,4,Jaba,Male,0,1,15,29,25,9,4,0,83,2023 Q4,,
2023,4,Jaba,Female,0,1,17,26,24,8,3,0,79,2023 Q4,,
2023,1,Jema'a,Male,0,1,23,52,48,45,23,9,201,2023 Q1,,
2023,1,Jema'a,Female,0,2,22,41,43,22,7,1,138,2023 Q1,,
2023,2,Jema'a,Male,0,2,17,34,47,40,9,6,155,2023 Q2,,
2023,2,Jema'a,Female,1,5,22,22,34,10,8,1,103,2023 Q2,,
2023,3,Jema'a,Male,1,6,29,42,68,56,49,15,265,2023 Q3,,
2023,3,Jema'a,Female,0,12,32,59,46,33,17,5,204,2023 Q3,,
2023,4,Jema'a,Male,1,6,33,38,52,44,23,12,208,2023 Q4,,
2023,4,Jema'a,Female,0,5,29,31,20,21,10,8,124,2023 Q4,,
2023,1,Kachia,Male,2,5,25,40,39,57,60,44,272,2023 Q1,,
2023,1,Kachia,Female,1,7,38,22,31,49,35,42,225,2023 Q1,,
2023,2,Kachia,Male,0,2,4,49,43,80,58,42,278,2023 Q2,,
2023,2,Kachia,Female,0,2,2,21,56,48,37,22,188,2023 Q2,,
2023,3,Kachia,Male,0,4,10,30,58,63,34,20,219,2023 Q3,,
2023,3,Kachia,Female,0,3,9,80,67,69,50,32,310,2023 Q3,,
2023,4,Kachia,Male,1,3,32,50,63,56,47,42,293,2023 Q4,,
2023,4,Kachia,Female,0,1,1,40,57,52,40,35,226,2023 Q4,,
2023,1,Kaduna North,Male,36,55,65,121,87,42,21,6,433,2023 Q1,,
2023,1,Kaduna North,Female,42,49,68,114,66,32,8,7,386,2023 Q1,,
2023,2,Kaduna North,Male,18,22,88,167,120,72,34,14,535,2023 Q2,,
2023,2,Kaduna North,Female,22,23,78,142,99,64,18,12,458,2023 Q2,,
2023,3,Kaduna North,Male,20,33,67,208,184,121,35,12,660,2023 Q3,,
2023,3,Kaduna North,Female,18,37,55,190,165,98,32,9,586,2023 Q3,,
2023,4,Kaduna North,Male,34,55,74,179,135,105,65,15,628,2023 Q4,,
2023,4,Kaduna North,Female,35,42,68,165,132,102,66,14,589,2023 Q4,,
2023,1,Kaduna South,Male,1,5,73,105,65,42,21,19,331,2023 Q1,,
2023,1,Kaduna South,Female,5,7,80,70,54,20,7,8,251,2023 Q1,,
2023,2,Kaduna South,Male,18,24,62,118,85,62,10,22,401,2023 Q2,,
2023,2,Kaduna South,Female,12,15,86,79,57,24,12,7,292,2023 Q2,,
2023,3,Kaduna South,Male,1,5,108,145,111,77,30,16,492,2023 Q3,,
2023,3,Kaduna South,Female,2,9,98,136,96,38,13,10,400,2023 Q3,,
2023,4,Kaduna South,Male,3,67,10,153,146,64,27,13,480,2023 Q4,,
2023,4,Kaduna South,Female,4,92,14,122,69,32,12,10,351,2023 Q4,,
2023,1,Kagarko,Male,0,1,5,35,42,19,4,3,109,2023 Q1,,
2023,1,Kagarko,Female,0,3,5,22,36,18,10,4,98,2023 Q1,,
2023,2,Kagarko,Male,1,3,11,26,57,28,13,6,145,2023 Q2,,
2023,2,Kagarko,Female,2,7,15,27,33,33,12,5,134,2023 Q2,,
2023,3,Kagarko,Male,0,4,8,45,63,35,9,8,172,2023 Q3,,
2023,3,Kagarko,Female,0,5,16,37,37,29,9,6,139,2023 Q3,,
2023,4,Kagarko,Male,4,5,19,34,47,40,12,3,160,2023 Q4,,
2023,4,Kagarko,Female,6,7,24,33,43,28,9,0,144,2023 Q4,,
2023,1,Kajuru,Male,0,0,13,27,24,49,38,12,163,2023 Q1,,
2023,1,Kajuru,Female,0,0,5,21,19,35,20,7,107,2023 Q1,,
2023,2,Kajuru,Male,0,10,38,16,34,22,32,14,166,2023 Q2,,
2023,2,Kajuru,Female,8,12,24,14,9,27,8,6,108,2023 Q2,,
2023,3,Kajuru,Male,10,21,24,34,27,38,46,7,197,2023 Q3,,
2023,3,Kajuru,Female,8,19,21,28,30,27,30,8,163,2023 Q3,,
2023,4,Kajuru,Male,12,8,47,39,52,34,17,11,208,2023 Q4,,
2023,4,Kajuru,Female,9,12,27,41,24,21,19,9,153,2023 Q4,,
2023,1,Kaura,Male,2,0,5,14,17,13,1,5,57,2023 Q1,,
2023,1,Kaura,Female,0,3,2,11,8,5,3,1,33,2023 Q1,,
2023,2,Kaura,Male,1,2,7,16,18,19,3,3,69,2023 Q2,,
2023,2,Kaura,Female,0,1,4,9,14,8,5,2,43,2023 Q2,,
2023,3,Kaura,Male,0,2,2,12,23,10,4,3,56,2023 Q3,,
2023,3,Kaura,Female,0,1,1,18,17,1,4,4,46,2023 Q3,,
2023,4,Kaura,Male,0,3,4,12,24,14,2,1,60,2023 Q4,,
2023,4,Kaura,Female,0,2,3,11,11,7,1,4,39,2023 Q4,,
2023,1,Kauru,Male,50,69,39,34,75,109,61,53,490,2023 Q1,,
2023,1,Kauru,Female,24,25,45,24,17,0,0,0,135,2023 Q1,,
2023,2,Kauru,Male,10,215,75,50,71,46,40,4,511,2023 Q2,,
2023,2,Kauru,Female,7,11,5,7,6,5,3,5,49,2023 Q2,,
2023,3,Kauru,Male,57,127,158,42,63,74,10,16,490,2023 Q3,,
2023,3,Kauru,Female,22,20,40,5,15,10,5,5,100,2023 Q3,,
2023,4,Kauru,Male,18,78,70,70,110,72,48,0,448,2023 Q4,,
2023,4,Kauru,Female,8,32,50,27,50,35,5,0,199,2023 Q4,,
2023,1,Kubau,Male,0,5,7,11,11,13,8,0,55,2023 Q1,,
2023,1,Kubau,Female,2,2,8,14,16,8,2,3,55,2023 Q1,,
2023,2,Kubau,Male,11,9,13,19,9,12,10,3,86,2023 Q2,,
2023,2,Kubau,Female,15,10,13,13,9,5,6,1,72,2023 Q2,,
2023,3,Kubau,Male,4,8,16,19,14,18,7,1,83,2023 Q3,,
2023,3,Kubau,Female,5,17,22,15,12,8,2,1,77,2023 Q3,,
2023,4,Kubau,Male,9,17,18,18,11,8,8,5,85,2023 Q4,,
2023,4,Kubau,Female,9,14,15,14,11,8,5,4,71,2023 Q4,,
2023,1,Kudan,Male,2,3,1,8,6,8,3,3,34,2023 Q1,,
2023,1,Kudan,Female,0,1,4,12,4,2,1,2,26,2023 Q1,,
2023,2,Kudan,Male,0,5,2,6,9,11,8,0,41,2023 Q2,,
2023,2,Kudan,Female,0,2,4,12,12,1,0,0,31,2023 Q2,,
2023,3,Kudan,Male,1,5,4,8,14,13,5,1,50,2023 Q3,,
2023,3,Kudan,Female,1,3,8,15,11,7,1,,45,2023 Q3,,
2023,4,Kudan,Male,4,0,4,13,11,17,10,1,56,2023 Q4,,
2023,4,Kudan,Female,3,1,8,11,11,2,5,0,38,2023 Q4,,
2023,1,Lere,Male,0,0,6,9,8,1,3,6,33,2023 Q1,,
2023,1,Lere,Female,1,1,2,5,6,2,1,0,18,2023 Q1,,
2023,2,Lere,Male,11,1,10,9,10,5,0,1,47,2023 Q2,,
2023,2,Lere,Female,3,1,2,3,1,3,1,0,14,2023 Q2,,
2023,3,Lere,Male,27,1,6,4,7,7,1,3,29,2023 Q3,,
2023,3,Lere,Female,11,0,2,4,3,1,1,0,11,2023 Q3,,
2023,4,Lere,Male,12,0,8,17,9,14,4,4,56,2023 Q4,,
2023,4,Lere,Female,15,0,5,2,4,4,1,0,16,2023 Q4,,
2023,1,Markafi,Male,1,4,13,19,19,16,7,5,84,2023 Q1,,
2023,1,Markafi,Female,0,4,14,17,13,4,5,1,58,2023 Q1,,
2023,2,Markafi,Male,2,7,18,15,31,12,15,9,109,2023 Q2,,
2023,2,Markafi,Female,2,7,11,20,12,5,4,4,65,2023 Q2,,
2023,3,Markafi,Male,6,11,12,18,19,12,7,14,93,2023 Q3,,
2023,3,Markafi,Female,3,10,20,23,19,10,8,8,98,2023 Q3,,
2023,4,Markafi,Male,2,8,24,21,11,11,14,19,108,2023 Q4,,
2023,4,Markafi,Female,4,12,22,32,18,7,8,6,105,2023 Q4,,
2023,1,Sabon-Gari,Male,0,5,47,41,40,19,11,7,170,2023 Q1,,
2023,1,Sabon-Gari,Female,1,4,41,35,23,16,3,2,125,2023 Q1,,
2023,2,Sabon-Gari,Male,5,10,34,46,44,17,10,6,172,2023 Q2,,
2023,2,Sabon-Gari,Female,3,8,49,45,22,5,6,3,141,2023 Q2,,
2023,3,Sabon-Gari,Male,5,18,79,88,65,46,22,6,324,2023 Q3,,
2023,3,Sabon-Gari,Female,18,14,87,69,37,25,7,1,240,2023 Q3,,
2023,4,Sabon-Gari,Male,1,18,65,98,67,49,16,2,315,2023 Q4,,
2023,4,Sabon-Gari,Female,1,13,85,80,36,26,6,1,247,2023 Q4,,
2023,1,Sanga,Male,0,0,7,12,12,14,4,1,50,2023 Q1,,
2023,1,Sanga,Female,0,1,9,5,7,5,5,2,34,2023 Q1,,
2023,2,Sanga,Male,0,4,0,8,6,3,4,2,27,2023 Q2,,
2023,2,Sanga,Female,0,2,2,4,5,6,1,1,21,2023 Q2,,
2023,3,Sanga,Male,0,0,0,10,5,15,4,2,36,2023 Q3,,
2023,3,Sanga,Female,0,0,4,12,5,11,0,4,36,2023 Q3,,
2023,4,Sanga,Male,0,2,5,7,11,16,9,5,55,2023 Q4,,
2023,4,Sanga,Female,0,1,4,11,15,5,0,6,42,2023 Q4,,
2023,1,Soba,Male,1,0,9,12,20,11,0,1,54,2023 Q1,,
2023,1,Soba,Female,0,5,4,8,11,4,4,0,36,2023 Q1,,
2023,2,Soba,Male,0,6,7,16,20,2,3,1,55,2023 Q2,,
2023,2,Soba,Female,0,7,5,10,6,7,2,2,39,2023 Q2,,
2023,3,Soba,Male,0,5,15,22,16,15,7,4,84,2023 Q3,,
2023,3,Soba,Female,2,5,9,25,13,7,5,3,67,2023 Q3,,
2023,4,Soba,Male,0,13,21,25,21,22,4,4,110,2023 Q4,,
2023,4,Soba,Female,1,9,26,30,21,9,3,3,101,2023 Q4,,
2023,1,Zango-Kataf,Male,0,0,2,18,35,37,33,8,133,2023 Q1,,
2023,1,Zango-Kataf,Female,0,0,4,25,29,11,1,0,70,2023 Q1,,
2023,2,Zango-Kataf,Male,0,0,5,28,38,42,29,4,146,2023 Q2,,
2023,2,Zango-Kataf,Female,0,0,2,12,27,23,8,0,72,2023 Q2,,
2023,3,Zango-Kataf,Male,0,0,23,11,24,39,21,25,143,2023 Q3,,
2023,3,Zango-Kataf,Female,0,0,14,10,31,15,15,5,90,2023 Q3,,
2023,4,Zango-Kataf,Male,1,3,10,23,41,44,17,12,150,2023 Q4,,
2023,4,Zango-Kataf,Female,0,2,10,16,38,22,16,4,108,2023 Q4,,
2023,1,Zaria,Male,5,16,56,108,134,99,40,6,464,2023 Q1,,
2023,1,Zaria,Female,7,12,34,98,67,43,38,4,303,2023 Q1,,
2023,2,Zaria,Male,22,16,201,99,34,23,21,20,436,2023 Q2,,
2023,2,Zaria,Female,11,17,120,88,29,60,24,20,369,2023 Q2,,
2023,3,Zaria,Male,9,22,195,105,88,53,17,18,498,2023 Q3,,
2023,3,Zaria,Female,5,6,97,46,66,44,63,49,371,2023 Q3,,
2023,4,Zaria,Male,12,28,103,134,95,22,45,34,461,2023 Q4,,
2023,4,Zaria,Female,33,13,110,123,39,9,34,19,347,2023 Q4,,
