,Year,Quarter,LGA,Sex,0-4,5-14,15–24,25–34,35–44,45–54,55–64,> 65,Total
0,2019,1,Birnin-Gwari,Male,0,0,1,0,0,0,0,0,1
1,2019,1,Birnin-Gwari,Female,0,0,0,0,1,0,0,0,1
2,2019,2,Birnin-Gwari,Male,0,0,0,0,0,0,0,0,0
3,2019,2,Birnin-Gwari,Female,0,0,0,0,0,0,0,0,0
4,2019,3,Birnin-Gwari,Male,0,0,0,0,0,0,0,0,0
5,2019,3,Birnin-Gwari,Female,0,0,0,0,0,0,0,0,0
6,2019,4,Birnin-Gwari,Male,0,0,0,0,1,0,0,0,1
7,2019,4,Birnin-Gwari,Female,0,0,0,0,0,0,0,0,0
8,2019,1,Chikun,Male,0,0,0,2,4,1,1,0,8
9,2019,1,Chikun,Female,0,0,0,5,1,1,0,0,7
10,2019,2,Chikun,Male,0,0,0,1,0,0,1,0,2
11,2019,2,Chikun,Female,0,0,1,1,3,0,0,0,5
12,2019,3,Chikun,Male,0,0,0,3,3,0,0,0,6
13,2019,3,Chikun,Female,0,0,1,3,1,1,0,0,6
14,2019,4,Chikun,Male,0,1,0,0,1,0,0,0,2
15,2019,4,Chikun,Female,0,0,0,3,3,0,0,0,6
16,2019,1,Giwa,Male,0,1,2,0,1,0,1,0,5
17,2019,1,Giwa,Female,0,0,2,3,4,1,0,0,10
18,2019,2,Giwa,Male,0,0,1,2,1,0,2,1,7
19,2019,2,Giwa,Female,1,0,2,1,1,0,1,0,6
20,2019,3,Giwa,Male,2,3,4,1,2,0,1,1,14
21,2019,3,Giwa,Female,2,0,0,2,1,1,0,0,6
22,2019,4,Giwa,Male,0,1,1,2,0,1,0,0,5
23,2019,4,Giwa,Female,1,0,3,3,1,1,0,0,9
24,2019,1,Igabi,Male,0,0,0,1,1,1,0,0,3
25,2019,1,Igabi,Female,0,0,1,1,0,0,0,0,2
26,2019,2,Igabi,Male,0,0,0,1,1,1,0,1,4
27,2019,2,Igabi,Female,0,0,0,0,0,1,0,0,1
28,2019,3,Igabi,Male,0,0,0,0,0,1,0,0,1
29,2019,3,Igabi,Female,0,0,0,0,1,0,0,0,1
30,2019,4,Igabi,Male,0,0,0,2,2,0,1,0,5
31,2019,4,Igabi,Female,0,0,1,0,0,0,0,0,1
32,2019,1,Ikara,Male,0,0,0,0,0,0,0,0,0
33,2019,1,Ikara,Female,0,0,0,0,0,0,0,0,0
34,2019,2,Ikara,Male,0,0,0,0,0,0,1,0,1
35,2019,2,Ikara,Female,0,0,0,1,0,0,0,0,1
36,2019,3,Ikara,Male,0,0,0,0,0,0,0,0,0
37,2019,3,Ikara,Female,0,0,0,0,0,0,0,0,0
38,2019,4,Ikara,Male,0,0,0,0,1,0,0,0,1
39,2019,4,Ikara,Female,0,0,0,1,1,0,0,0,2
40,2019,1,Jaba,Male,0,0,0,0,0,0,0,0,0
41,2019,1,Jaba,Female,0,0,1,0,0,0,0,0,1
42,2019,2,Jaba,Male,0,0,0,0,0,1,0,0,1
43,2019,2,Jaba,Female,0,0,0,1,2,1,0,0,4
44,2019,3,Jaba,Male,0,0,0,0,1,0,0,1,2
45,2019,3,Jaba,Female,0,0,0,0,1,0,0,0,1
46,2019,4,Jaba,Male,0,0,0,1,1,0,0,0,2
47,2019,4,Jaba,Female,0,0,0,0,1,0,0,0,1
48,2019,1,Jema'a,Male,0,0,0,2,1,1,0,0,4
49,2019,1,Jema'a,Female,0,0,0,2,0,0,0,0,2
50,2019,2,Jema'a,Male,0,0,0,0,2,1,0,0,3
51,2019,2,Jema'a,Female,0,0,0,0,0,0,0,0,0
52,2019,3,Jema'a,Male,0,0,0,0,2,0,1,0,3
53,2019,3,Jema'a,Female,0,0,0,0,0,0,1,0,1
54,2019,4,Jema'a,Male,0,0,0,0,0,0,0,0,0
55,2019,4,Jema'a,Female,0,0,0,0,0,0,0,0,0
56,2019,1,Kachia,Male,0,0,0,1,0,1,0,0,2
57,2019,1,Kachia,Female,0,0,0,1,0,0,0,0,1
58,2019,2,Kachia,Male,0,0,0,0,2,0,0,0,2
59,2019,2,Kachia,Female,0,0,0,1,1,0,0,0,2
60,2019,3,Kachia,Male,0,0,0,0,0,0,0,0,0
61,2019,3,Kachia,Female,0,0,0,1,0,0,0,0,1
62,2019,4,Kachia,Male,0,0,0,0,0,0,0,0,0
63,2019,4,Kachia,Female,0,0,0,0,0,0,0,0,0
64,2019,1,Kaduna North,Male,0,0,0,2,4,5,0,0,11
65,2019,1,Kaduna North,Female,0,1,1,4,2,3,1,0,12
66,2019,2,Kaduna North,Male,0,1,1,7,7,4,2,1,23
67,2019,2,Kaduna North,Female,0,0,1,2,4,1,0,1,9
68,2019,3,Kaduna North,Male,0,0,3,2,3,5,1,1,15
69,2019,3,Kaduna North,Female,0,1,3,2,3,4,0,1,14
70,2019,4,Kaduna North,Male,0,0,1,0,3,2,1,0,7
71,2019,4,Kaduna North,Female,0,0,0,1,4,1,0,1,7
72,2019,1,Kaduna South,Male,0,0,0,1,7,6,2,0,16
73,2019,1,Kaduna South,Female,0,1,1,6,4,3,2,0,17
74,2019,2,Kaduna South,Male,1,0,0,0,6,8,0,0,15
75,2019,2,Kaduna South,Female,0,0,0,7,4,1,0,0,12
76,2019,3,Kaduna South,Male,1,0,2,2,9,2,2,0,18
77,2019,3,Kaduna South,Female,0,0,1,5,5,0,1,3,15
78,2019,4,Kaduna South,Male,0,0,1,1,9,7,0,2,20
79,2019,4,Kaduna South,Female,0,0,2,4,3,4,2,0,15
80,2019,1,Kagarko,Male,0,0,0,1,1,0,0,0,2
81,2019,1,Kagarko,Female,0,0,1,0,0,0,0,0,1
82,2019,2,Kagarko,Male,0,0,0,0,0,0,0,0,0
83,2019,2,Kagarko,Female,0,0,1,0,0,0,0,0,1
84,2019,3,Kagarko,Male,0,0,0,0,0,0,0,0,0
85,2019,3,Kagarko,Female,0,0,0,0,0,0,0,0,0
86,2019,4,Kagarko,Male,0,0,0,1,0,0,0,0,1
87,2019,4,Kagarko,Female,0,0,0,0,1,0,0,0,1
88,2019,1,Kajuru,Male,0,0,0,0,0,0,0,0,0
89,2019,1,Kajuru,Female,0,0,0,0,0,0,0,0,0
90,2019,2,Kajuru,Male,0,0,0,0,0,0,0,0,0
91,2019,2,Kajuru,Female,0,0,0,0,1,0,0,0,1
92,2019,3,Kajuru,Male,0,0,0,0,0,0,0,0,0
93,2019,3,Kajuru,Female,0,0,0,0,0,0,0,0,0
94,2019,4,Kajuru,Male,0,0,0,0,0,0,0,0,0
95,2019,4,Kajuru,Female,0,0,0,0,0,0,0,0,0
96,2019,1,Kaura,Male,0,1,0,1,0,0,0,0,2
97,2019,1,Kaura,Female,0,0,0,0,2,0,0,0,2
98,2019,2,Kaura,Male,0,0,0,0,3,0,0,0,3
99,2019,2,Kaura,Female,0,0,0,0,0,0,0,0,0
100,2019,3,Kaura,Male,0,0,0,0,1,0,0,0,1
101,2019,3,Kaura,Female,0,0,0,0,0,0,0,0,0
102,2019,4,Kaura,Male,0,0,0,0,0,1,0,0,1
103,2019,4,Kaura,Female,0,0,0,0,0,0,0,0,0
104,2019,1,Kauru,Male,0,0,0,0,0,0,0,0,0
105,2019,1,Kauru,Female,0,0,0,0,0,0,0,0,0
106,2019,2,Kauru,Male,0,0,0,0,0,0,0,0,0
107,2019,2,Kauru,Female,0,0,0,0,0,0,0,0,0
108,2019,3,Kauru,Male,0,0,0,0,0,0,0,0,0
109,2019,3,Kauru,Female,0,0,0,0,0,0,0,0,0
110,2019,4,Kauru,Male,0,0,0,1,0,0,0,0,1
111,2019,4,Kauru,Female,0,0,0,0,0,0,0,0,0
112,2019,1,Kubau,Male,0,0,0,0,1,0,0,0,1
113,2019,1,Kubau,Female,0,0,1,1,1,0,0,0,3
114,2019,2,Kubau,Male,0,0,0,0,0,0,0,0,0
115,2019,2,Kubau,Female,0,0,1,0,0,0,0,1,2
116,2019,3,Kubau,Male,0,0,0,0,0,0,0,0,0
117,2019,3,Kubau,Female,0,0,0,0,0,0,0,0,0
118,2019,4,Kubau,Male,0,0,1,0,0,0,0,0,1
119,2019,4,Kubau,Female,0,0,0,0,0,0,0,0,0
120,2019,1,Kudan,Male,0,0,0,0,0,0,0,0,0
121,2019,1,Kudan,Female,0,1,0,0,0,0,0,0,1
122,2019,2,Kudan,Male,0,0,0,0,0,0,0,0,0
123,2019,2,Kudan,Female,0,0,0,0,0,0,0,0,0
124,2019,3,Kudan,Male,0,0,0,0,0,0,0,0,0
125,2019,3,Kudan,Female,0,0,0,0,0,0,0,0,0
126,2019,4,Kudan,Male,0,0,0,0,0,1,0,0,1
127,2019,4,Kudan,Female,0,0,0,0,0,0,0,0,0
128,2019,1,Lere,Male,0,1,0,0,0,0,0,0,1
129,2019,1,Lere,Female,0,0,0,0,0,0,0,0,0
130,2019,2,Lere,Male,0,0,0,1,1,0,0,0,2
131,2019,2,Lere,Female,0,0,0,0,0,0,0,0,0
132,2019,3,Lere,Male,0,0,0,1,0,0,0,0,1
133,2019,3,Lere,Female,0,0,0,0,0,0,0,0,0
134,2019,4,Lere,Male,0,0,0,0,1,0,0,0,1
135,2019,4,Lere,Female,0,0,1,0,0,0,0,0,1
136,2019,1,Markafi,Male,0,0,0,1,0,0,0,0,1
137,2019,1,Markafi,Female,0,0,0,1,0,1,0,0,2
138,2019,2,Markafi,Male,0,0,0,0,1,0,0,0,1
139,2019,2,Markafi,Female,0,0,0,1,0,0,0,0,1
140,2019,3,Markafi,Male,0,0,0,1,0,0,0,0,1
141,2019,3,Markafi,Female,0,0,0,0,0,0,0,0,0
142,2019,4,Markafi,Male,0,0,0,0,1,0,2,0,3
143,2019,4,Markafi,Female,0,0,0,1,0,0,0,0,1
144,2019,1,Sabon-Gari,Male,0,0,0,0,0,0,0,0,0
145,2019,1,Sabon-Gari,Female,0,0,0,0,0,0,0,0,0
146,2019,2,Sabon-Gari,Male,0,0,0,0,0,0,0,0,0
147,2019,2,Sabon-Gari,Female,0,0,0,0,0,0,0,0,0
148,2019,3,Sabon-Gari,Male,0,0,0,0,0,0,0,0,0
149,2019,3,Sabon-Gari,Female,0,0,0,0,0,0,0,0,0
150,2019,4,Sabon-Gari,Male,0,0,0,0,0,0,0,0,0
151,2019,4,Sabon-Gari,Female,0,0,0,0,1,0,0,0,1
152,2019,1,Sanga,Male,0,0,0,0,1,1,0,0,2
153,2019,1,Sanga,Female,0,0,1,0,1,1,0,0,3
154,2019,2,Sanga,Male,0,0,0,0,0,0,0,0,0
155,2019,2,Sanga,Female,0,0,0,2,1,1,0,1,5
156,2019,3,Sanga,Male,0,0,0,0,1,2,0,1,4
157,2019,3,Sanga,Female,0,0,0,2,1,0,1,0,4
158,2019,4,Sanga,Male,0,0,0,0,0,0,0,0,0
159,2019,4,Sanga,Female,0,0,0,0,1,0,0,1,2
160,2019,1,Soba,Male,0,0,0,0,0,0,0,0,0
161,2019,1,Soba,Female,0,0,1,0,0,0,0,0,1
162,2019,2,Soba,Male,0,0,0,0,1,0,0,0,1
163,2019,2,Soba,Female,0,0,0,0,0,0,0,0,0
164,2019,3,Soba,Male,0,0,0,0,0,0,0,0,0
165,2019,3,Soba,Female,0,0,0,0,0,0,0,0,0
166,2019,4,Soba,Male,0,0,0,0,0,0,0,0,0
167,2019,4,Soba,Female,0,0,0,1,1,0,0,0,2
168,2019,1,Zango-Kataf,Male,0,0,1,0,0,0,0,0,1
169,2019,1,Zango-Kataf,Female,0,0,0,2,0,0,0,0,2
170,2019,2,Zango-Kataf,Male,0,0,0,0,4,1,0,0,5
171,2019,2,Zango-Kataf,Female,0,0,1,1,0,0,0,0,2
172,2019,3,Zango-Kataf,Male,0,0,0,0,0,1,0,0,1
173,2019,3,Zango-Kataf,Female,0,0,0,0,0,0,0,0,0
174,2019,4,Zango-Kataf,Male,0,0,0,0,0,1,0,0,1
175,2019,4,Zango-Kataf,Female,0,0,0,0,0,1,0,0,1
176,2019,1,Zaria,Male,0,0,0,5,4,3,2,0,14
177,2019,1,Zaria,Female,0,0,0,2,1,1,1,0,5
178,2019,2,Zaria,Male,0,0,1,1,2,1,1,0,6
179,2019,2,Zaria,Female,0,0,0,2,0,1,0,0,3
180,2019,3,Zaria,Male,0,0,0,0,1,3,0,0,4
181,2019,3,Zaria,Female,0,0,2,3,3,2,0,0,10
182,2019,4,Zaria,Male,0,0,0,2,3,4,1,0,10
183,2019,4,Zaria,Female,0,0,0,2,1,1,0,0,4
184,2020,1,Birnin-Gwari,Male,0,0,0,0,1,0,0,0,1
185,2020,1,Birnin-Gwari,Female,0,0,0,0,0,0,0,0,0
186,2020,2,Birnin-Gwari,Male,0,0,0,0,0,0,0,0,0
187,2020,2,Birnin-Gwari,Female,0,0,0,0,0,0,0,0,0
188,2020,3,Birnin-Gwari,Male,0,0,0,0,0,0,0,0,0
189,2020,3,Birnin-Gwari,Female,0,0,0,0,1,0,0,0,1
190,2020,4,Birnin-Gwari,Male,0,0,0,0,0,0,0,1,1
191,2020,4,Birnin-Gwari,Female,0,0,0,0,0,0,0,1,1
192,2020,1,Chikun,Male,0,1,0,2,3,3,0,0,9
193,2020,1,Chikun,Female,0,0,1,2,5,0,0,0,8
194,2020,2,Chikun,Male,0,0,0,1,6,2,0,0,9
195,2020,2,Chikun,Female,0,0,0,1,0,1,0,0,2
196,2020,3,Chikun,Male,0,0,0,1,3,2,0,0,6
197,2020,3,Chikun,Female,0,0,0,1,1,0,0,0,2
198,2020,4,Chikun,Male,0,0,0,2,5,1,0,0,8
199,2020,4,Chikun,Female,0,0,0,1,0,1,0,0,2
200,2020,1,Giwa,Male,0,0,0,1,0,1,2,0,4
201,2020,1,Giwa,Female,0,0,1,2,4,0,0,0,7
202,2020,2,Giwa,Male,0,1,0,1,1,1,0,0,4
203,2020,2,Giwa,Female,1,1,0,1,2,1,0,1,7
204,2020,3,Giwa,Male,1,0,0,0,2,1,2,1,7
205,2020,3,Giwa,Female,0,1,0,0,1,0,0,0,2
206,2020,4,Giwa,Male,0,2,0,2,2,0,0,1,7
207,2020,4,Giwa,Female,1,1,1,1,2,0,0,1,7
208,2020,1,Igabi,Male,0,0,0,0,0,1,0,0,1
209,2020,1,Igabi,Female,0,0,0,0,1,0,0,0,1
210,2020,2,Igabi,Male,0,0,0,0,0,1,0,0,1
211,2020,2,Igabi,Female,0,0,0,0,0,0,0,0,0
212,2020,3,Igabi,Male,0,0,0,0,0,0,0,0,0
213,2020,3,Igabi,Female,0,0,0,0,1,2,0,0,3
214,2020,4,Igabi,Male,0,0,0,0,0,0,1,0,1
215,2020,4,Igabi,Female,0,0,2,1,0,0,0,0,3
216,2020,1,Ikara,Male,0,0,0,0,2,0,0,0,2
217,2020,1,Ikara,Female,0,0,0,0,0,0,0,0,0
218,2020,2,Ikara,Male,0,0,0,0,1,1,0,0,2
219,2020,2,Ikara,Female,0,0,0,1,0,0,0,0,1
220,2020,3,Ikara,Male,0,0,0,1,0,0,0,0,1
221,2020,3,Ikara,Female,0,0,0,0,0,0,0,0,0
222,2020,4,Ikara,Male,                -  ,                -  ,                -  ,                   -  ,1,                     -  ,                    -  ,                 -  ,1
223,2020,4,Ikara,Female,                -  ,                -  ,                -  ,                   -  ,                    -  ,                     -  ,                    -  ,                 -  ,0
224,2020,1,Jaba,Male,0,0,0,0,0,2,1,0,3
225,2020,1,Jaba,Female,0,0,0,0,0,0,0,0,0
226,2020,2,Jaba,Male,0,0,0,0,0,0,0,0,0
227,2020,2,Jaba,Female,0,0,0,0,0,1,0,0,1
228,2020,3,Jaba,Male,0,0,0,0,0,0,0,1,1
229,2020,3,Jaba,Female,0,0,0,0,0,1,0,0,1
230,2020,4,Jaba,Male,0,0,0,0,1,0,0,0,1
231,2020,4,Jaba,Female,0,0,0,0,0,0,0,0,0
232,2020,1,Jema'a,Male,0,0,0,0,1,0,0,0,1
233,2020,1,Jema'a,Female,0,0,0,0,1,0,0,0,1
234,2020,2,Jema'a,Male,0,0,0,0,0,0,0,0,0
235,2020,2,Jema'a,Female,0,0,0,0,1,0,0,0,1
236,2020,3,Jema'a,Male,0,0,0,0,1,0,0,0,1
237,2020,3,Jema'a,Female,0,0,0,0,0,0,0,0,0
238,2020,4,Jema'a,Male,0,0,0,0,1,0,0,0,1
239,2020,4,Jema'a,Female,0,0,0,0,2,0,0,0,2
240,2020,1,Kachia,Male,0,0,0,0,0,0,0,0,0
241,2020,1,Kachia,Female,0,0,0,0,0,0,0,0,0
242,2020,2,Kachia,Male,0,0,0,0,1,1,1,0,3
243,2020,2,Kachia,Female,0,0,0,1,0,0,0,0,1
244,2020,3,Kachia,Male,0,0,0,0,0,0,0,0,0
245,2020,3,Kachia,Female,0,0,0,0,0,0,0,0,0
246,2020,4,Kachia,Male,0,0,0,1,1,1,1,0,4
247,2020,4,Kachia,Female,0,0,0,1,2,1,1,0,5
248,2020,1,Kaduna North,Male,0,0,2,1,4,1,0,1,9
249,2020,1,Kaduna North,Female,0,0,1,2,5,2,0,0,10
250,2020,2,Kaduna North,Male,0,0,1,1,0,2,0,0,4
251,2020,2,Kaduna North,Female,0,0,1,0,1,1,0,0,3
252,2020,3,Kaduna North,Male,0,0,0,2,0,1,0,0,3
253,2020,3,Kaduna North,Female,0,0,2,0,0,1,0,0,3
254,2020,4,Kaduna North,Male,0,0,4,1,4,2,1,0,12
255,2020,4,Kaduna North,Female,0,0,2,0,0,1,0,1,4
256,2020,1,Kaduna South,Male,0,1,2,6,6,5,4,0,24
257,2020,1,Kaduna South,Female,0,0,3,7,5,2,0,0,17
258,2020,2,Kaduna South,Male,0,1,2,4,7,2,2,0,18
259,2020,2,Kaduna South,Female,0,0,1,1,4,5,0,0,11
260,2020,3,Kaduna South,Male,0,0,0,4,6,1,3,0,14
261,2020,3,Kaduna South,Female,0,0,0,1,5,2,0,0,8
262,2020,4,Kaduna South,Male,0,0,0,2,7,6,4,2,21
263,2020,4,Kaduna South,Female,0,0,2,3,4,1,1,0,11
264,2020,1,Kagarko,Male,0,0,0,0,1,0,0,0,1
265,2020,1,Kagarko,Female,0,0,0,0,0,0,0,0,0
266,2020,2,Kagarko,Male,0,0,0,0,1,0,0,0,1
267,2020,2,Kagarko,Female,0,0,0,0,0,0,0,0,0
268,2020,3,Kagarko,Male,0,0,0,0,0,0,0,0,0
269,2020,3,Kagarko,Female,0,0,0,0,0,0,0,0,0
270,2020,4,Kagarko,Male,0,0,0,0,0,0,0,0,0
271,2020,4,Kagarko,Female,0,0,1,0,0,0,0,0,1
272,2020,1,Kajuru,Male,0,0,0,0,0,0,0,0,0
273,2020,1,Kajuru,Female,0,0,0,0,0,0,0,0,0
274,2020,2,Kajuru,Male,0,0,0,0,0,0,0,0,0
275,2020,2,Kajuru,Female,0,0,0,0,0,0,0,0,0
276,2020,3,Kajuru,Male,0,0,0,0,0,0,0,0,0
277,2020,3,Kajuru,Female,0,0,0,0,0,0,0,0,0
278,2020,4,Kajuru,Male,0,0,0,0,0,0,0,0,0
279,2020,4,Kajuru,Female,0,0,0,1,0,0,0,0,1
280,2020,1,Kaura,Male,0,0,1,0,0,0,0,0,1
281,2020,1,Kaura,Female,0,0,0,0,0,0,0,0,0
282,2020,2,Kaura,Male,0,0,0,1,0,0,0,0,1
283,2020,2,Kaura,Female,0,0,0,0,0,0,0,0,0
284,2020,3,Kaura,Male,0,0,0,0,0,0,0,0,0
285,2020,3,Kaura,Female,0,0,0,0,0,0,0,0,0
286,2020,4,Kaura,Male,0,0,0,0,0,0,0,0,0
287,2020,4,Kaura,Female,0,0,0,1,0,0,0,0,1
288,2020,1,Kauru,Male,0,0,0,0,0,0,0,0,0
289,2020,1,Kauru,Female,0,0,0,0,0,0,0,0,0
290,2020,2,Kauru,Male,0,0,0,0,0,0,0,0,0
291,2020,2,Kauru,Female,0,0,0,0,0,0,0,0,0
292,2020,3,Kauru,Male,0,0,0,0,0,0,0,0,0
293,2020,3,Kauru,Female,0,0,0,0,0,0,0,0,0
294,2020,4,Kauru,Male,0,0,0,0,0,0,0,0,0
295,2020,4,Kauru,Female,0,0,0,0,0,0,0,0,0
296,2020,1,Kubau,Male,0,0,0,0,0,0,0,0,0
297,2020,1,Kubau,Female,0,0,0,0,0,0,0,0,0
298,2020,2,Kubau,Male,0,0,2,0,0,0,0,0,2
299,2020,2,Kubau,Female,0,0,1,0,1,0,0,0,2
300,2020,3,Kubau,Male,0,0,0,0,0,1,0,0,1
301,2020,3,Kubau,Female,0,0,0,1,0,1,0,0,2
302,2020,4,Kubau,Male,0,0,0,0,0,0,0,0,0
303,2020,4,Kubau,Female,0,0,0,0,0,0,0,0,0
304,2020,1,Kudan,Male,0,0,0,0,0,0,0,0,0
305,2020,1,Kudan,Female,0,0,0,0,0,0,0,0,0
306,2020,2,Kudan,Male,0,0,0,0,0,0,0,0,0
307,2020,2,Kudan,Female,0,0,0,0,0,0,0,0,0
308,2020,3,Kudan,Male,0,0,0,0,0,0,0,0,0
309,2020,3,Kudan,Female,0,0,0,0,0,0,0,0,0
310,2020,4,Kudan,Male,0,0,0,0,0,0,0,0,0
311,2020,4,Kudan,Female,0,0,0,0,0,0,0,0,0
312,2020,1,Lere,Male,0,0,0,0,1,1,0,0,2
313,2020,1,Lere,Female,0,0,0,1,0,2,0,0,3
314,2020,2,Lere,Male,0,0,0,0,0,0,0,0,0
315,2020,2,Lere,Female,0,0,0,0,0,0,0,0,0
316,2020,3,Lere,Male,0,0,0,1,3,1,0,0,5
317,2020,3,Lere,Female,0,0,0,4,1,0,0,0,5
318,2020,4,Lere,Male,0,0,0,0,1,0,0,0,1
319,2020,4,Lere,Female,0,0,0,0,0,0,0,1,1
320,2020,1,Markafi,Male,0,0,0,1,0,0,1,0,2
321,2020,1,Markafi,Female,0,0,0,0,0,0,0,0,0
322,2020,2,Markafi,Male,0,0,0,1,0,0,0,0,1
323,2020,2,Markafi,Female,0,0,0,1,0,0,0,0,1
324,2020,3,Markafi,Male,0,0,0,0,0,0,0,0,0
325,2020,3,Markafi,Female,0,0,0,2,0,0,0,0,2
326,2020,4,Markafi,Male,0,0,1,1,0,1,1,0,4
327,2020,4,Markafi,Female,0,0,1,1,0,0,0,0,2
328,2020,1,Sabon-Gari,Male,0,0,0,0,1,0,0,0,1
329,2020,1,Sabon-Gari,Female,0,0,0,0,0,0,0,0,0
330,2020,2,Sabon-Gari,Male,0,0,0,0,0,0,0,0,0
331,2020,2,Sabon-Gari,Female,0,0,0,0,0,0,0,0,0
332,2020,3,Sabon-Gari,Male,0,0,0,0,0,0,0,0,0
333,2020,3,Sabon-Gari,Female,0,0,0,0,0,0,0,0,0
334,2020,4,Sabon-Gari,Male,0,0,0,0,0,0,0,0,0
335,2020,4,Sabon-Gari,Female,0,0,0,0,0,0,0,0,0
336,2020,1,Sanga,Male,0,0,0,1,1,0,1,0,3
337,2020,1,Sanga,Female,0,0,0,0,2,1,0,0,3
338,2020,2,Sanga,Male,0,0,0,0,0,0,0,0,0
339,2020,2,Sanga,Female,0,0,0,0,1,0,0,0,1
340,2020,3,Sanga,Male,0,0,0,0,0,0,1,0,1
341,2020,3,Sanga,Female,0,0,0,0,1,0,0,0,1
342,2020,4,Sanga,Male,0,0,0,0,0,0,0,0,0
343,2020,4,Sanga,Female,0,0,0,0,0,0,0,1,1
344,2020,1,Soba,Male,0,0,0,0,0,0,0,0,0
345,2020,1,Soba,Female,0,0,0,0,0,0,0,0,0
346,2020,2,Soba,Male,0,0,0,0,0,0,0,0,0
347,2020,2,Soba,Female,0,0,0,0,0,0,0,0,0
348,2020,3,Soba,Male,0,0,0,0,0,0,0,0,0
349,2020,3,Soba,Female,0,0,0,0,0,0,0,0,0
350,2020,4,Soba,Male,0,0,0,0,0,0,0,0,0
351,2020,4,Soba,Female,0,0,0,0,0,0,0,0,0
352,2020,1,Zango-Kataf,Male,0,0,0,0,0,1,2,1,4
353,2020,1,Zango-Kataf,Female,0,0,1,2,1,1,0,0,5
354,2020,2,Zango-Kataf,Male,0,0,0,0,1,0,0,0,1
355,2020,2,Zango-Kataf,Female,0,0,1,0,0,0,0,0,1
356,2020,3,Zango-Kataf,Male,0,0,0,1,0,0,0,0,1
357,2020,3,Zango-Kataf,Female,0,0,0,0,1,0,0,0,1
358,2020,4,Zango-Kataf,Male,0,0,0,2,1,2,0,0,5
359,2020,4,Zango-Kataf,Female,0,0,0,1,1,0,1,0,3
360,2020,1,Zaria,Male,0,0,2,2,2,1,0,1,8
361,2020,1,Zaria,Female,0,0,1,3,1,0,0,0,5
362,2020,2,Zaria,Male,0,0,0,1,2,1,0,0,4
363,2020,2,Zaria,Female,0,0,1,0,2,0,0,0,3
364,2020,3,Zaria,Male,0,0,0,0,2,1,0,0,3
365,2020,3,Zaria,Female,0,0,0,2,1,0,0,0,3
366,2020,4,Zaria,Male,0,0,3,0,1,3,2,0,9
367,2020,4,Zaria,Female,0,0,3,0,3,1,0,0,7
368,2021,1,Birnin-Gwari,Male,0,0,0,0,0,0,0,0,0
369,2021,1,Birnin-Gwari,Female,0,0,0,0,0,0,0,0,0
370,2021,2,Birnin-Gwari,Male,0,0,0,0,0,0,0,0,0
371,2021,2,Birnin-Gwari,Female,0,0,0,0,0,0,0,0,0
372,2021,3,Birnin-Gwari,Male,0,0,0,0,0,0,0,0,0
373,2021,3,Birnin-Gwari,Female,0,0,0,0,0,0,0,0,0
374,2021,4,Birnin-Gwari,Male,0,0,0,0,1,0,0,0,1
375,2021,4,Birnin-Gwari,Female,0,0,0,0,0,0,0,0,0
376,2021,1,Chikun,Male,0,0,0,0,4,1,1,0,6
377,2021,1,Chikun,Female,0,0,0,3,2,1,1,0,7
378,2021,2,Chikun,Male,0,0,0,1,3,0,0,0,4
379,2021,2,Chikun,Female,0,0,0,0,3,0,0,0,3
380,2021,3,Chikun,Male,0,0,0,0,1,0,0,0,1
381,2021,3,Chikun,Female,0,0,0,0,1,0,0,0,1
382,2021,4,Chikun,Male,0,0,0,0,3,5,1,0,9
383,2021,4,Chikun,Female,0,0,1,3,0,0,0,0,4
384,2021,1,Giwa,Male,0,0,1,0,4,0,2,1,8
385,2021,1,Giwa,Female,0,0,1,0,1,3,0,0,5
386,2021,2,Giwa,Male,1,0,1,0,0,0,0,0,2
387,2021,2,Giwa,Female,0,0,2,0,0,1,0,0,3
388,2021,3,Giwa,Male,1,1,1,0,0,0,1,0,4
389,2021,3,Giwa,Female,0,1,1,0,1,0,0,0,3
390,2021,4,Giwa,Male,2,1,3,0,2,2,0,0,10
391,2021,4,Giwa,Female,2,1,0,1,2,0,0,0,6
392,2021,1,Igabi,Male,0,0,0,0,1,0,0,0,1
393,2021,1,Igabi,Female,0,0,0,0,1,0,0,0,1
394,2021,2,Igabi,Male,0,0,0,0,0,1,0,0,1
395,2021,2,Igabi,Female,0,0,0,2,0,1,0,0,3
396,2021,3,Igabi,Male,0,0,0,0,0,0,0,0,0
397,2021,3,Igabi,Female,0,0,1,1,0,1,0,0,3
398,2021,4,Igabi,Male,0,0,0,0,1,1,0,0,2
399,2021,4,Igabi,Female,0,0,0,0,0,0,0,0,0
400,2021,1,Ikara,Male,0,0,0,0,1,0,0,0,1
401,2021,1,Ikara,Female,0,0,0,0,0,0,0,0,0
402,2021,2,Ikara,Male,0,0,0,0,0,0,0,0,0
403,2021,2,Ikara,Female,0,0,0,1,1,0,0,0,2
404,2021,3,Ikara,Male,0,0,0,0,0,0,0,0,0
405,2021,3,Ikara,Female,0,0,0,0,0,1,0,0,1
406,2021,4,Ikara,Male,0,0,0,0,0,0,0,0,0
407,2021,4,Ikara,Female,0,0,0,1,0,0,0,0,1
408,2021,1,Jaba,Male,0,0,0,2,0,1,1,0,4
409,2021,1,Jaba,Female,0,0,0,0,1,0,0,0,1
410,2021,2,Jaba,Male,0,0,0,0,0,1,0,0,1
411,2021,2,Jaba,Female,0,0,1,0,1,0,0,0,2
412,2021,3,Jaba,Male,0,0,0,0,1,0,0,0,1
413,2021,3,Jaba,Female,0,0,0,1,0,0,0,0,1
414,2021,4,Jaba,Male,0,0,0,0,0,0,0,0,0
415,2021,4,Jaba,Female,0,0,0,0,0,0,0,0,0
416,2021,1,Jema'a,Male,0,0,0,0,1,1,0,0,2
417,2021,1,Jema'a,Female,0,1,0,1,0,1,1,0,4
418,2021,2,Jema'a,Male,0,0,0,0,1,1,0,0,2
419,2021,2,Jema'a,Female,0,0,1,0,0,0,0,1,2
420,2021,3,Jema'a,Male,0,0,0,1,2,1,0,0,4
421,2021,3,Jema'a,Female,0,0,0,2,1,1,0,0,4
422,2021,4,Jema'a,Male,0,0,0,0,0,1,0,0,1
423,2021,4,Jema'a,Female,0,0,0,0,0,1,1,0,2
424,2021,1,Kachia,Male,0,0,1,1,3,0,0,0,5
425,2021,1,Kachia,Female,0,0,1,2,0,0,1,0,4
426,2021,2,Kachia,Male,0,0,0,1,2,0,2,1,6
427,2021,2,Kachia,Female,0,0,0,0,0,1,1,0,2
428,2021,3,Kachia,Male,0,0,0,0,0,0,1,0,1
429,2021,3,Kachia,Female,0,0,0,0,1,0,0,0,1
430,2021,4,Kachia,Male,0,0,0,0,2,2,0,0,4
431,2021,4,Kachia,Female,0,0,0,1,2,0,1,0,4
432,2021,1,Kaduna North,Male,0,0,1,2,3,1,1,0,8
433,2021,1,Kaduna North,Female,0,0,2,1,2,0,0,0,5
434,2021,2,Kaduna North,Male,0,0,4,1,2,2,1,0,10
435,2021,2,Kaduna North,Female,0,0,1,1,0,0,1,0,3
436,2021,3,Kaduna North,Male,1,2,1,4,2,0,1,0,11
437,2021,3,Kaduna North,Female,0,0,3,3,4,2,1,0,13
438,2021,4,Kaduna North,Male,0,0,2,4,6,1,0,0,13
439,2021,4,Kaduna North,Female,0,0,1,3,5,2,1,0,12
440,2021,1,Kaduna South,Male,0,2,2,5,11,7,1,3,31
441,2021,1,Kaduna South,Female,0,1,3,5,4,0,1,0,14
442,2021,2,Kaduna South,Male,0,0,1,1,4,2,0,0,8
443,2021,2,Kaduna South,Female,0,0,3,3,7,1,0,0,14
444,2021,3,Kaduna South,Male,0,1,5,1,13,5,4,2,31
445,2021,3,Kaduna South,Female,0,1,5,1,8,2,0,3,20
446,2021,4,Kaduna South,Male,0,0,0,2,7,7,1,1,18
447,2021,4,Kaduna South,Female,0,0,1,3,7,2,0,0,13
448,2021,1,Kagarko,Male,0,0,0,0,0,0,0,0,0
449,2021,1,Kagarko,Female,0,0,0,1,0,0,0,0,1
450,2021,2,Kagarko,Male,0,0,0,0,0,0,0,0,0
451,2021,2,Kagarko,Female,0,0,0,1,0,0,0,0,1
452,2021,3,Kagarko,Male,0,0,0,0,1,0,0,0,1
453,2021,3,Kagarko,Female,0,0,0,0,0,0,0,0,0
454,2021,4,Kagarko,Male,0,0,0,0,0,0,0,0,0
455,2021,4,Kagarko,Female,0,0,0,0,0,0,0,0,0
456,2021,1,Kajuru,Male,0,0,0,0,1,0,0,0,1
457,2021,1,Kajuru,Female,0,0,0,0,0,0,0,0,0
458,2021,2,Kajuru,Male,0,0,1,1,0,0,0,0,2
459,2021,2,Kajuru,Female,0,0,1,0,0,0,0,0,1
460,2021,3,Kajuru,Male,0,0,0,0,0,1,0,0,1
461,2021,3,Kajuru,Female,0,0,0,0,0,0,0,0,0
462,2021,4,Kajuru,Male,0,0,0,0,0,0,0,0,0
463,2021,4,Kajuru,Female,0,0,0,1,0,0,0,0,1
464,2021,1,Kaura,Male,0,0,0,1,0,0,0,1,2
465,2021,1,Kaura,Female,0,0,0,0,0,0,0,0,0
466,2021,2,Kaura,Male,0,0,0,0,0,0,0,0,0
467,2021,2,Kaura,Female,0,0,0,1,0,0,0,0,1
468,2021,3,Kaura,Male,0,0,0,0,1,0,0,0,1
469,2021,3,Kaura,Female,0,0,0,1,0,0,0,0,1
470,2021,4,Kaura,Male,0,0,0,0,1,0,0,0,1
471,2021,4,Kaura,Female,0,0,0,0,0,0,0,0,0
472,2021,1,Kauru,Male,0,0,0,0,0,0,0,0,0
473,2021,1,Kauru,Female,0,0,0,0,0,0,0,0,0
474,2021,2,Kauru,Male,0,0,0,0,1,0,0,0,1
475,2021,2,Kauru,Female,0,0,0,0,1,0,0,0,1
476,2021,3,Kauru,Male,0,0,0,0,0,0,0,0,0
477,2021,3,Kauru,Female,0,0,0,0,0,0,0,0,0
478,2021,4,Kauru,Male,0,0,0,0,0,0,0,0,0
479,2021,4,Kauru,Female,0,0,0,0,0,0,0,0,0
480,2021,1,Kubau,Male,0,0,0,1,0,0,0,0,1
481,2021,1,Kubau,Female,0,0,2,0,0,0,0,0,2
482,2021,2,Kubau,Male,0,0,0,0,0,0,0,0,0
483,2021,2,Kubau,Female,0,0,0,0,0,0,0,0,0
484,2021,3,Kubau,Male,0,0,0,0,0,0,0,0,0
485,2021,3,Kubau,Female,0,0,0,0,0,0,1,0,1
486,2021,4,Kubau,Male,0,0,0,0,0,1,0,0,1
487,2021,4,Kubau,Female,0,0,0,0,0,0,0,0,0
488,2021,1,Kudan,Male,0,0,0,0,1,0,0,0,1
489,2021,1,Kudan,Female,0,0,0,0,0,0,0,0,0
490,2021,2,Kudan,Male,0,0,0,0,0,0,0,0,0
491,2021,2,Kudan,Female,0,0,0,0,0,0,0,0,0
492,2021,3,Kudan,Male,0,0,1,0,0,0,0,0,1
493,2021,3,Kudan,Female,0,0,0,0,0,0,0,0,0
494,2021,4,Kudan,Male,0,0,0,0,0,0,0,0,0
495,2021,4,Kudan,Female,0,0,0,0,0,0,0,0,0
496,2021,1,Lere,Male,0,0,0,1,2,1,0,1,5
497,2021,1,Lere,Female,0,0,0,4,2,0,0,0,6
498,2021,2,Lere,Male,0,1,2,1,1,0,0,0,5
499,2021,2,Lere,Female,0,0,0,1,1,0,1,0,3
500,2021,3,Lere,Male,0,0,0,1,1,3,0,0,5
501,2021,3,Lere,Female,0,0,1,1,4,1,1,0,8
502,2021,4,Lere,Male,0,0,0,0,1,0,0,0,1
503,2021,4,Lere,Female,0,0,0,1,1,0,1,0,3
504,2021,1,Markafi,Male,0,0,0,0,0,0,0,0,0
505,2021,1,Markafi,Female,0,0,1,0,1,0,0,0,2
506,2021,2,Markafi,Male,0,0,1,0,0,0,1,0,2
507,2021,2,Markafi,Female,0,0,0,1,1,1,0,0,3
508,2021,3,Markafi,Male,0,0,1,1,1,1,0,0,4
509,2021,3,Markafi,Female,0,0,0,1,0,0,0,0,1
510,2021,4,Markafi,Male,0,0,1,0,0,0,1,1,3
511,2021,4,Markafi,Female,0,0,1,1,1,0,0,0,3
512,2021,1,Sabon-Gari,Male,0,0,0,0,0,0,0,0,0
513,2021,1,Sabon-Gari,Female,0,0,0,0,0,0,0,0,0
514,2021,2,Sabon-Gari,Male,0,0,0,0,0,0,0,0,0
515,2021,2,Sabon-Gari,Female,0,0,0,0,0,0,0,0,0
516,2021,3,Sabon-Gari,Male,0,0,0,0,0,0,0,0,0
517,2021,3,Sabon-Gari,Female,0,0,0,0,0,0,0,0,0
518,2021,4,Sabon-Gari,Male,0,0,0,0,0,0,0,0,0
519,2021,4,Sabon-Gari,Female,0,0,0,0,0,0,0,0,0
520,2021,1,Sanga,Male,0,2,0,0,0,1,0,0,3
521,2021,1,Sanga,Female,0,0,0,0,0,0,0,0,0
522,2021,2,Sanga,Male,0,0,0,0,1,0,0,0,1
523,2021,2,Sanga,Female,0,0,1,0,1,0,0,0,2
524,2021,3,Sanga,Male,0,0,0,1,0,2,1,0,4
525,2021,3,Sanga,Female,0,0,0,1,3,0,0,0,4
526,2021,4,Sanga,Male,0,0,0,0,0,1,0,1,2
527,2021,4,Sanga,Female,0,0,0,0,3,0,1,1,5
528,2021,1,Soba,Male,0,0,0,0,0,0,0,0,0
529,2021,1,Soba,Female,0,0,0,0,0,0,0,0,0
530,2021,2,Soba,Male,0,0,0,0,0,0,0,0,0
531,2021,2,Soba,Female,0,0,0,0,0,0,0,0,0
532,2021,3,Soba,Male,0,0,0,0,0,0,0,0,0
533,2021,3,Soba,Female,0,0,0,0,0,0,0,0,0
534,2021,4,Soba,Male,0,0,0,1,0,0,0,0,1
535,2021,4,Soba,Female,0,0,0,0,0,0,0,0,0
536,2021,1,Zango-Kataf,Male,0,0,0,0,0,0,0,0,0
537,2021,1,Zango-Kataf,Female,0,0,1,1,1,0,1,0,4
538,2021,2,Zango-Kataf,Male,0,0,1,1,1,1,2,0,6
539,2021,2,Zango-Kataf,Female,0,0,1,1,1,1,0,0,4
540,2021,3,Zango-Kataf,Male,0,0,0,0,2,1,2,0,5
541,2021,3,Zango-Kataf,Female,0,0,0,1,1,1,0,0,3
542,2021,4,Zango-Kataf,Male,0,0,0,0,1,2,0,0,3
543,2021,4,Zango-Kataf,Female,0,0,0,1,2,1,0,1,5
544,2021,1,Zaria,Male,0,0,1,4,3,0,1,0,9
545,2021,1,Zaria,Female,0,0,2,2,3,0,0,0,7
546,2021,2,Zaria,Male,0,0,0,2,1,0,1,0,4
547,2021,2,Zaria,Female,0,0,1,1,3,0,0,0,5
548,2021,3,Zaria,Male,0,0,2,2,1,1,1,1,8
549,2021,3,Zaria,Female,0,0,0,4,1,0,0,0,5
550,2021,4,Zaria,Male,0,0,2,6,4,0,0,0,12
551,2021,4,Zaria,Female,0,0,1,3,0,0,1,0,5
552,2022,1,Birnin-Gwari,Male,0,0,0,0,1,0,0,0,1
553,2022,1,Birnin-Gwari,Female,0,0,0,0,0,0,0,0,0
554,2022,2,Birnin-Gwari,Male,0,0,0,0,0,0,0,0,0
555,2022,2,Birnin-Gwari,Female,0,0,0,0,0,0,0,0,0
556,2022,3,Birnin-Gwari,Male,0,0,0,0,0,1,0,0,1
557,2022,3,Birnin-Gwari,Female,0,0,0,0,0,0,0,0,0
558,2022,4,Birnin-Gwari,Male,0,0,0,0,0,0,0,0,0
559,2022,4,Birnin-Gwari,Female,0,0,0,0,0,0,1,0,1
560,2022,1,Chikun,Male,0,0,0,1,0,3,0,0,4
561,2022,1,Chikun,Female,0,0,1,2,0,1,1,0,5
562,2022,2,Chikun,Male,0,0,0,0,0,0,0,0,0
563,2022,2,Chikun,Female,0,0,0,1,4,1,0,0,6
564,2022,3,Chikun,Male,0,1,0,1,3,3,0,2,10
565,2022,3,Chikun,Female,0,0,0,4,7,1,0,0,12
566,2022,4,Chikun,Male,0,2,0,1,3,1,2,0,9
567,2022,4,Chikun,Female,0,0,0,2,2,1,0,0,5
568,2022,1,Giwa,Male,0,0,0,1,0,1,1,0,3
569,2022,1,Giwa,Female,0,0,1,0,5,0,1,1,8
570,2022,2,Giwa,Male,1,1,0,1,3,2,1,0,9
571,2022,2,Giwa,Female,1,1,2,3,1,3,0,0,11
572,2022,3,Giwa,Male,1,0,1,1,2,0,0,0,5
573,2022,3,Giwa,Female,1,1,0,1,4,3,0,0,10
574,2022,4,Giwa,Male,1,0,1,0,0,3,0,0,5
575,2022,4,Giwa,Female,0,0,1,0,2,1,1,0,5
576,2022,1,Igabi,Male,0,0,0,3,1,0,0,0,4
577,2022,1,Igabi,Female,0,0,0,0,1,0,1,0,2
578,2022,2,Igabi,Male,0,0,1,0,0,0,0,0,1
579,2022,2,Igabi,Female,0,0,0,0,1,0,0,0,1
580,2022,3,Igabi,Male,0,0,0,0,0,0,0,0,0
581,2022,3,Igabi,Female,0,0,0,0,0,0,0,0,0
582,2022,4,Igabi,Male,0,0,0,0,0,0,0,0,0
583,2022,4,Igabi,Female,0,0,0,0,0,0,0,0,0
584,2022,1,Ikara,Male,0,0,0,0,0,0,0,0,0
585,2022,1,Ikara,Female,0,0,0,1,0,0,0,0,1
586,2022,2,Ikara,Male,0,0,0,0,0,0,0,0,0
587,2022,2,Ikara,Female,0,0,0,0,0,0,0,0,0
588,2022,3,Ikara,Male,0,0,0,0,0,1,0,0,1
589,2022,3,Ikara,Female,0,0,0,0,0,0,0,0,0
590,2022,4,Ikara,Male,0,0,0,0,0,0,0,0,0
591,2022,4,Ikara,Female,0,0,0,1,0,0,0,0,1
592,2022,1,Jaba,Male,0,0,0,1,0,0,0,0,1
593,2022,1,Jaba,Female,0,0,1,1,1,0,0,0,3
594,2022,2,Jaba,Male,0,0,0,0,0,0,0,0,0
595,2022,2,Jaba,Female,0,0,0,0,1,0,0,0,1
596,2022,3,Jaba,Male,0,0,0,0,0,0,0,0,0
597,2022,3,Jaba,Female,0,0,0,0,0,0,0,0,0
598,2022,4,Jaba,Male,0,0,0,0,0,1,0,0,1
599,2022,4,Jaba,Female,0,0,0,0,0,0,0,0,0
600,2022,1,Jema'a,Male,0,0,0,0,1,2,0,0,3
601,2022,1,Jema'a,Female,0,0,2,1,0,0,0,0,3
602,2022,2,Jema'a,Male,0,0,0,1,2,0,0,0,3
603,2022,2,Jema'a,Female,0,0,0,3,1,0,0,0,4
604,2022,3,Jema'a,Male,0,2,1,1,6,3,0,1,14
605,2022,3,Jema'a,Female,0,2,3,4,3,1,1,0,14
606,2022,4,Jema'a,Male,0,0,0,0,0,0,0,1,1
607,2022,4,Jema'a,Female,0,0,1,1,2,0,0,0,4
608,2022,1,Kachia,Male,0,0,0,1,1,1,2,0,5
609,2022,1,Kachia,Female,0,0,0,0,1,2,1,0,4
610,2022,2,Kachia,Male,0,0,0,0,5,5,0,0,10
611,2022,2,Kachia,Female,0,0,0,1,2,1,0,0,4
612,2022,3,Kachia,Male,0,0,0,2,8,5,2,0,17
613,2022,3,Kachia,Female,1,0,1,5,6,4,3,0,20
614,2022,4,Kachia,Male,0,0,0,4,6,3,1,0,14
615,2022,4,Kachia,Female,0,0,3,4,5,2,5,0,19
616,2022,1,Kaduna North,Male,0,1,1,3,2,1,0,0,8
617,2022,1,Kaduna North,Female,0,0,1,3,2,1,0,0,7
618,2022,2,Kaduna North,Male,0,0,1,8,6,0,0,0,15
619,2022,2,Kaduna North,Female,0,0,1,12,2,0,0,0,15
620,2022,3,Kaduna North,Male,0,0,2,3,1,1,0,0,7
621,2022,3,Kaduna North,Female,0,0,1,0,4,1,1,0,7
622,2022,4,Kaduna North,Male,0,0,1,3,4,1,0,0,9
623,2022,4,Kaduna North,Female,0,0,2,4,5,2,1,0,14
624,2022,1,Kaduna South,Male,0,1,0,10,6,2,15,0,34
625,2022,1,Kaduna South,Female,0,0,2,12,15,4,0,0,33
626,2022,2,Kaduna South,Male,0,1,0,7,8,11,1,1,29
627,2022,2,Kaduna South,Female,0,1,3,4,4,1,1,2,16
628,2022,3,Kaduna South,Male,0,1,2,5,7,9,2,1,27
629,2022,3,Kaduna South,Female,0,0,4,3,10,4,0,0,21
630,2022,4,Kaduna South,Male,0,0,2,4,11,8,1,1,27
631,2022,4,Kaduna South,Female,0,0,0,11,7,6,1,1,26
632,2022,1,Kagarko,Male,0,0,0,0,0,0,0,0,0
633,2022,1,Kagarko,Female,0,0,0,0,0,0,0,0,0
634,2022,2,Kagarko,Male,0,0,0,0,0,0,0,0,0
635,2022,2,Kagarko,Female,0,0,0,0,0,0,0,0,0
636,2022,3,Kagarko,Male,0,0,0,0,0,0,0,0,0
637,2022,3,Kagarko,Female,0,0,0,0,0,0,0,0,0
638,2022,4,Kagarko,Male,0,0,0,0,0,0,0,0,0
639,2022,4,Kagarko,Female,0,0,0,0,0,0,1,0,1
640,2022,1,Kajuru,Male,0,0,0,0,1,0,0,0,1
641,2022,1,Kajuru,Female,0,0,0,0,0,0,0,0,0
642,2022,2,Kajuru,Male,0,0,0,0,0,0,0,0,0
643,2022,2,Kajuru,Female,0,0,0,0,0,0,0,0,0
644,2022,3,Kajuru,Male,0,0,1,0,0,1,0,0,2
645,2022,3,Kajuru,Female,0,0,0,1,0,1,0,0,2
646,2022,4,Kajuru,Male,0,0,0,0,0,1,0,0,1
647,2022,4,Kajuru,Female,0,0,0,0,1,0,1,0,2
648,2022,1,Kaura,Male,0,0,0,0,1,1,0,0,2
649,2022,1,Kaura,Female,0,0,0,1,0,0,0,0,1
650,2022,2,Kaura,Male,0,0,0,0,2,0,1,0,3
651,2022,2,Kaura,Female,0,0,0,0,1,0,0,0,1
652,2022,3,Kaura,Male,0,0,0,0,0,0,1,0,1
653,2022,3,Kaura,Female,0,0,0,0,3,0,0,0,3
654,2022,4,Kaura,Male,0,0,0,1,0,1,0,0,2
655,2022,4,Kaura,Female,0,0,2,0,1,0,0,0,3
656,2022,1,Kauru,Male,0,0,0,0,0,0,0,0,0
657,2022,1,Kauru,Female,0,0,0,0,0,0,0,0,0
658,2022,2,Kauru,Male,0,0,0,0,0,0,0,0,0
659,2022,2,Kauru,Female,0,0,0,0,0,0,0,0,0
660,2022,3,Kauru,Male,0,0,3,3,0,0,0,0,6
661,2022,3,Kauru,Female,0,0,0,0,0,0,0,0,0
662,2022,4,Kauru,Male,0,0,0,0,0,0,0,0,0
663,2022,4,Kauru,Female,0,0,0,0,0,0,0,0,0
664,2022,1,Kubau,Male,0,0,0,0,1,0,0,0,1
665,2022,1,Kubau,Female,0,0,0,0,0,0,0,0,0
666,2022,2,Kubau,Male,0,0,0,0,0,0,0,0,0
667,2022,2,Kubau,Female,0,0,0,1,0,1,0,0,2
668,2022,3,Kubau,Male,0,0,0,0,0,0,0,0,0
669,2022,3,Kubau,Female,0,0,0,1,0,0,0,0,1
670,2022,4,Kubau,Male,0,0,2,0,1,0,0,0,3
671,2022,4,Kubau,Female,0,0,0,0,0,1,0,0,1
672,2022,1,Kudan,Male,0,0,0,0,0,0,0,0,0
673,2022,1,Kudan,Female,0,0,0,0,0,0,0,0,0
674,2022,2,Kudan,Male,0,0,0,1,0,0,0,0,1
675,2022,2,Kudan,Female,0,0,0,0,0,0,0,0,0
676,2022,3,Kudan,Male,0,0,0,0,0,0,0,1,1
677,2022,3,Kudan,Female,0,0,0,0,0,0,0,0,0
678,2022,4,Kudan,Male,0,0,0,0,0,0,0,0,0
679,2022,4,Kudan,Female,0,0,0,0,0,0,0,0,0
680,2022,1,Lere,Male,0,0,0,0,1,0,0,0,1
681,2022,1,Lere,Female,0,0,0,0,0,0,0,1,1
682,2022,2,Lere,Male,0,0,0,0,0,1,0,0,1
683,2022,2,Lere,Female,0,0,1,0,0,0,1,0,2
684,2022,3,Lere,Male,0,0,2,0,0,0,0,0,2
685,2022,3,Lere,Female,0,0,0,2,1,0,0,0,3
686,2022,4,Lere,Male,0,1,0,0,1,2,0,0,4
687,2022,4,Lere,Female,0,0,1,3,1,0,0,0,5
688,2022,1,Markafi,Male,0,0,0,1,0,0,0,0,1
689,2022,1,Markafi,Female,0,0,0,0,0,0,0,0,0
690,2022,2,Markafi,Male,0,0,1,1,0,0,1,0,3
691,2022,2,Markafi,Female,0,0,0,1,0,0,0,0,1
692,2022,3,Markafi,Male,0,0,0,4,1,2,0,0,7
693,2022,3,Markafi,Female,0,0,0,3,3,2,0,0,8
694,2022,4,Markafi,Male,0,0,0,1,1,1,0,0,3
695,2022,4,Markafi,Female,0,0,0,1,1,1,0,0,3
696,2022,1,Sabon-Gari,Male,0,0,0,0,0,0,0,0,0
697,2022,1,Sabon-Gari,Female,0,0,0,0,0,0,0,0,0
698,2022,2,Sabon-Gari,Male,0,0,0,0,0,0,0,0,0
699,2022,2,Sabon-Gari,Female,0,0,0,0,0,0,0,0,0
700,2022,3,Sabon-Gari,Male,0,0,0,0,0,0,0,0,0
701,2022,3,Sabon-Gari,Female,0,0,0,0,0,0,0,0,0
702,2022,4,Sabon-Gari,Male,0,0,0,0,1,0,0,0,1
703,2022,4,Sabon-Gari,Female,0,0,0,0,0,0,0,0,0
704,2022,1,Sanga,Male,0,0,1,0,2,3,1,0,7
705,2022,1,Sanga,Female,0,0,1,2,0,1,0,1,5
706,2022,2,Sanga,Male,0,0,0,1,3,0,0,0,4
707,2022,2,Sanga,Female,0,0,0,1,0,0,1,0,2
708,2022,3,Sanga,Male,0,0,0,3,0,1,0,0,4
709,2022,3,Sanga,Female,0,0,0,0,1,2,0,0,3
710,2022,4,Sanga,Male,0,0,0,0,1,0,0,0,1
711,2022,4,Sanga,Female,0,0,0,1,1,1,0,0,3
712,2022,1,Soba,Male,0,0,0,0,0,0,0,0,0
713,2022,1,Soba,Female,0,0,0,0,0,0,0,0,0
714,2022,2,Soba,Male,0,0,0,0,0,0,0,0,0
715,2022,2,Soba,Female,0,0,0,0,0,0,0,0,0
716,2022,3,Soba,Male,0,0,0,0,0,0,0,0,0
717,2022,3,Soba,Female,0,0,0,0,0,0,0,0,0
718,2022,4,Soba,Male,0,0,0,0,0,0,0,0,0
719,2022,4,Soba,Female,0,0,0,0,0,0,0,0,0
720,2022,1,Zango-Kataf,Male,0,0,0,2,1,0,0,0,3
721,2022,1,Zango-Kataf,Female,0,0,0,0,1,0,0,0,1
722,2022,2,Zango-Kataf,Male,0,0,0,0,0,0,0,3,3
723,2022,2,Zango-Kataf,Female,0,0,0,0,0,1,0,0,1
724,2022,3,Zango-Kataf,Male,0,0,0,0,1,4,0,0,5
725,2022,3,Zango-Kataf,Female,0,0,0,0,1,1,0,0,2
726,2022,4,Zango-Kataf,Male,0,0,1,1,0,1,2,0,5
727,2022,4,Zango-Kataf,Female,0,0,0,0,0,1,0,0,1
728,2022,1,Zaria,Male,0,0,5,4,3,1,0,0,13
729,2022,1,Zaria,Female,0,0,1,3,5,0,0,0,9
730,2022,2,Zaria,Male,0,0,0,2,3,1,0,0,6
731,2022,2,Zaria,Female,0,0,2,1,3,0,0,0,6
732,2022,3,Zaria,Male,0,0,3,0,3,1,0,0,7
733,2022,3,Zaria,Female,0,0,3,2,2,0,0,0,7
734,2022,4,Zaria,Male,0,0,2,2,1,0,0,0,5
735,2022,4,Zaria,Female,0,0,0,4,2,1,0,0,7
736,2023,1,Birnin-Gwari,Male,0,0,0,0,0,1,0,0,1
737,2023,1,Birnin-Gwari,Female,0,0,0,0,0,0,0,1,1
738,2023,2,Birnin-Gwari,Male,0,0,0,0,0,1,1,0,2
739,2023,2,Birnin-Gwari,Female,0,0,0,0,1,0,0,0,1
740,2023,3,Birnin-Gwari,Male,0,0,0,0,0,0,2,0,2
741,2023,3,Birnin-Gwari,Female,0,0,0,0,0,0,0,0,0
742,2023,4,Birnin-Gwari,Male,0,0,0,0,0,1,0,0,1
743,2023,4,Birnin-Gwari,Female,0,0,0,0,0,0,0,0,0
744,2023,1,Chikun,Male,0,0,0,0,3,1,0,0,4
745,2023,1,Chikun,Female,0,0,3,0,1,1,0,0,5
746,2023,2,Chikun,Male,0,0,1,0,2,1,0,0,4
747,2023,2,Chikun,Female,0,0,1,6,3,2,2,1,15
748,2023,3,Chikun,Male,0,0,1,3,2,1,2,1,10
749,2023,3,Chikun,Female,0,1,1,2,2,2,2,2,12
750,2023,4,Chikun,Male,0,0,0,1,1,2,1,0,5
751,2023,4,Chikun,Female,0,1,1,2,1,1,2,0,8
752,2023,1,Giwa,Male,0,0,2,0,1,1,1,0,5
753,2023,1,Giwa,Female,0,0,1,1,1,1,1,0,5
754,2023,2,Giwa,Male,0,0,0,2,1,1,0,1,5
755,2023,2,Giwa,Female,0,0,2,0,1,2,1,0,6
756,2023,3,Giwa,Male,1,0,0,1,0,0,0,0,2
757,2023,3,Giwa,Female,2,1,0,0,2,3,0,0,8
758,2023,4,Giwa,Male,1,0,1,0,2,0,0,1,5
759,2023,4,Giwa,Female,1,0,1,0,1,1,0,0,4
760,2023,1,Igabi,Male,0,0,0,0,0,1,0,0,1
761,2023,1,Igabi,Female,0,0,0,0,0,0,0,0,0
762,2023,2,Igabi,Male,0,0,0,0,0,0,0,0,0
763,2023,2,Igabi,Female,0,0,1,0,0,0,0,0,1
764,2023,3,Igabi,Male,0,0,0,1,0,0,0,0,1
765,2023,3,Igabi,Female,0,0,0,0,1,1,0,0,2
766,2023,4,Igabi,Male,0,0,0,0,0,0,0,0,0
767,2023,4,Igabi,Female,0,0,0,0,1,1,0,0,2
768,2023,1,Ikara,Male,0,0,0,0,1,0,0,0,1
769,2023,1,Ikara,Female,0,0,0,0,0,0,0,0,0
770,2023,2,Ikara,Male,0,0,0,0,0,0,0,0,0
771,2023,2,Ikara,Female,0,0,0,2,1,0,0,0,3
772,2023,3,Ikara,Male,0,0,0,0,0,0,0,0,0
773,2023,3,Ikara,Female,0,0,0,1,0,1,0,0,2
774,2023,4,Ikara,Male,0,0,0,0,0,0,0,0,0
775,2023,4,Ikara,Female,0,0,0,0,1,0,0,0,1
776,2023,1,Jaba,Male,0,0,0,0,0,1,0,0,1
777,2023,1,Jaba,Female,0,0,1,0,0,0,0,0,1
778,2023,2,Jaba,Male,0,0,0,0,2,2,0,0,4
779,2023,2,Jaba,Female,0,0,0,0,0,0,0,0,0
780,2023,3,Jaba,Male,0,0,0,0,3,0,0,0,3
781,2023,3,Jaba,Female,0,0,0,0,0,0,0,0,0
782,2023,4,Jaba,Male,0,0,0,0,0,1,0,0,1
783,2023,4,Jaba,Female,0,1,1,2,2,0,1,0,7
784,2023,1,Jema'a,Male,0,0,0,0,1,0,1,0,2
785,2023,1,Jema'a,Female,0,1,0,1,1,2,0,0,5
786,2023,2,Jema'a,Male,0,0,1,0,2,1,0,0,4
787,2023,2,Jema'a,Female,1,0,0,1,3,0,0,0,5
788,2023,3,Jema'a,Male,1,0,1,1,2,1,1,0,7
789,2023,3,Jema'a,Female,0,0,2,1,3,2,0,0,8
790,2023,4,Jema'a,Male,1,0,0,1,1,1,0,0,4
791,2023,4,Jema'a,Female,0,0,3,0,1,1,0,0,5
792,2023,1,Kachia,Male,0,0,0,2,2,4,3,1,12
793,2023,1,Kachia,Female,0,0,1,2,6,2,6,0,17
794,2023,2,Kachia,Male,0,0,0,2,2,3,1,0,8
795,2023,2,Kachia,Female,0,0,0,1,2,1,0,0,4
796,2023,3,Kachia,Male,0,0,0,1,2,4,2,0,9
797,2023,3,Kachia,Female,0,0,0,3,5,2,3,0,13
798,2023,4,Kachia,Male,0,0,0,1,1,1,0,0,3
799,2023,4,Kachia,Female,0,0,0,0,1,1,1,0,3
800,2023,1,Kaduna North,Male,0,2,2,8,6,1,0,0,19
801,2023,1,Kaduna North,Female,0,1,3,3,3,1,1,0,12
802,2023,2,Kaduna North,Male,0,1,1,5,4,2,1,0,14
803,2023,2,Kaduna North,Female,0,0,1,4,2,1,0,0,8
804,2023,3,Kaduna North,Male,0,0,2,5,6,1,1,0,15
805,2023,3,Kaduna North,Female,0,0,3,6,7,3,2,0,21
806,2023,4,Kaduna North,Male,0,1,1,6,5,1,1,0,15
807,2023,4,Kaduna North,Female,0,0,2,7,4,2,2,0,17
808,2023,1,Kaduna South,Male,0,1,0,3,2,3,5,0,14
809,2023,1,Kaduna South,Female,0,0,2,3,1,1,0,0,7
810,2023,2,Kaduna South,Male,0,0,1,6,10,4,0,0,21
811,2023,2,Kaduna South,Female,0,1,3,5,10,6,0,1,26
812,2023,3,Kaduna South,Male,0,0,3,4,7,6,2,0,22
813,2023,3,Kaduna South,Female,0,2,7,10,12,3,3,1,38
814,2023,4,Kaduna South,Male,0,1,2,7,15,8,0,1,34
815,2023,4,Kaduna South,Female,0,2,2,7,6,3,2,2,24
816,2023,1,Kagarko,Male,0,0,0,0,0,0,0,0,0
817,2023,1,Kagarko,Female,0,0,0,0,0,0,0,0,0
818,2023,2,Kagarko,Male,0,0,0,0,1,0,0,0,1
819,2023,2,Kagarko,Female,0,0,0,1,0,0,0,0,1
820,2023,3,Kagarko,Male,0,0,0,0,0,0,0,0,0
821,2023,3,Kagarko,Female,0,0,0,0,0,0,0,0,0
822,2023,4,Kagarko,Male,0,0,0,0,0,0,0,0,0
823,2023,4,Kagarko,Female,0,0,0,0,0,0,0,0,0
824,2023,1,Kajuru,Male,0,0,0,0,0,2,1,0,3
825,2023,1,Kajuru,Female,0,0,0,0,1,0,0,0,1
826,2023,2,Kajuru,Male,0,0,0,2,3,1,3,0,9
827,2023,2,Kajuru,Female,0,0,0,0,0,1,0,1,2
828,2023,3,Kajuru,Male,0,0,2,1,0,1,0,1,5
829,2023,3,Kajuru,Female,0,0,1,0,0,0,1,0,2
830,2023,4,Kajuru,Male,0,0,0,1,2,1,0,1,5
831,2023,4,Kajuru,Female,0,0,0,0,1,0,1,0,2
832,2023,1,Kaura,Male,0,0,0,2,2,2,0,0,6
833,2023,1,Kaura,Female,0,0,0,0,1,0,0,1,2
834,2023,2,Kaura,Male,0,0,0,1,1,1,0,0,3
835,2023,2,Kaura,Female,0,0,0,0,1,2,0,0,3
836,2023,3,Kaura,Male,0,1,0,1,2,2,0,0,6
837,2023,3,Kaura,Female,0,0,0,2,2,1,0,0,5
838,2023,4,Kaura,Male,0,0,0,0,1,0,1,0,2
839,2023,4,Kaura,Female,0,0,0,2,1,0,0,0,3
840,2023,1,Kauru,Male,0,0,0,0,0,0,0,0,0
841,2023,1,Kauru,Female,0,0,0,0,0,0,0,0,0
842,2023,2,Kauru,Male,0,3,3,0,2,0,0,0,8
843,2023,2,Kauru,Female,0,2,0,0,0,0,0,0,2
844,2023,3,Kauru,Male,0,0,0,0,1,0,0,0,1
845,2023,3,Kauru,Female,0,0,0,0,1,1,0,0,2
846,2023,4,Kauru,Male,0,0,0,1,2,0,0,0,3
847,2023,4,Kauru,Female,0,0,0,1,1,0,0,0,2
848,2023,1,Kubau,Male,0,0,0,0,0,1,0,0,1
849,2023,1,Kubau,Female,0,0,1,0,2,2,0,0,5
850,2023,2,Kubau,Male,0,0,0,0,0,0,0,0,0
851,2023,2,Kubau,Female,0,0,0,0,0,0,0,0,0
852,2023,3,Kubau,Male,0,0,0,0,0,0,0,0,0
853,2023,3,Kubau,Female,0,0,0,0,0,0,0,0,0
854,2023,4,Kubau,Male,0,0,0,0,0,0,0,0,0
855,2023,4,Kubau,Female,0,0,0,0,0,0,0,0,0
856,2023,1,Kudan,Male,0,0,0,0,0,0,0,0,0
857,2023,1,Kudan,Female,0,0,0,0,0,0,0,0,0
858,2023,2,Kudan,Male,0,0,0,0,0,0,0,0,0
859,2023,2,Kudan,Female,0,0,0,0,0,0,0,0,0
860,2023,3,Kudan,Male,0,0,0,0,0,0,0,0,0
861,2023,3,Kudan,Female,0,0,0,0,0,0,0,0,0
862,2023,4,Kudan,Male,0,0,0,0,0,0,0,0,0
863,2023,4,Kudan,Female,0,0,0,1,0,0,0,0,1
864,2023,1,Lere,Male,0,0,0,0,0,0,0,0,0
865,2023,1,Lere,Female,0,0,0,0,0,0,0,0,0
866,2023,2,Lere,Male,0,0,0,0,1,0,0,0,1
867,2023,2,Lere,Female,0,0,0,0,0,0,0,0,0
868,2023,3,Lere,Male,0,1,0,0,0,0,0,0,1
869,2023,3,Lere,Female,0,0,0,0,0,0,1,0,1
870,2023,4,Lere,Male,1,0,1,0,1,3,0,0,6
871,2023,4,Lere,Female,2,0,1,3,0,3,0,0,9
872,2023,1,Markafi,Male,0,0,0,1,0,1,0,0,2
873,2023,1,Markafi,Female,0,0,0,2,1,0,0,0,3
874,2023,2,Markafi,Male,0,0,1,0,0,1,0,0,2
875,2023,2,Markafi,Female,0,0,0,2,1,1,1,0,5
876,2023,3,Markafi,Male,0,0,0,3,0,0,0,1,4
877,2023,3,Markafi,Female,0,0,0,4,1,0,0,0,5
878,2023,4,Markafi,Male,0,0,1,0,0,1,0,1,3
879,2023,4,Markafi,Female,0,0,0,4,2,1,0,0,7
880,2023,1,Sabon-Gari,Male,0,0,0,0,0,0,0,0,0
881,2023,1,Sabon-Gari,Female,0,0,0,0,2,0,0,0,2
882,2023,2,Sabon-Gari,Male,0,0,0,0,0,0,0,0,0
883,2023,2,Sabon-Gari,Female,0,0,0,0,0,0,0,0,0
884,2023,3,Sabon-Gari,Male,0,0,0,0,0,1,1,0,2
885,2023,3,Sabon-Gari,Female,0,0,0,0,1,0,0,0,1
886,2023,4,Sabon-Gari,Male,0,0,0,0,0,1,1,1,3
887,2023,4,Sabon-Gari,Female,0,0,0,0,0,0,0,0,0
888,2023,1,Sanga,Male,0,0,0,0,1,1,0,0,2
889,2023,1,Sanga,Female,0,1,0,1,0,0,1,1,4
890,2023,2,Sanga,Male,0,0,0,0,0,1,0,0,1
891,2023,2,Sanga,Female,0,0,1,0,0,3,0,0,4
892,2023,3,Sanga,Male,0,0,0,2,0,1,1,0,4
893,2023,3,Sanga,Female,0,0,2,6,2,5,0,1,16
894,2023,4,Sanga,Male,0,0,0,0,2,3,0,0,5
895,2023,4,Sanga,Female,0,0,1,4,3,0,0,2,10
896,2023,1,Soba,Male,0,0,0,0,0,0,0,0,0
897,2023,1,Soba,Female,0,0,0,0,0,0,0,0,0
898,2023,2,Soba,Male,0,0,0,0,0,0,0,0,0
899,2023,2,Soba,Female,0,0,0,0,0,0,0,0,0
900,2023,3,Soba,Male,0,0,0,0,0,0,0,0,0
901,2023,3,Soba,Female,0,0,0,0,0,0,0,0,0
902,2023,4,Soba,Male,0,0,0,0,0,0,0,0,0
903,2023,4,Soba,Female,0,0,0,0,0,0,0,0,0
904,2023,1,Zango-Kataf,Male,0,0,0,2,1,1,1,0,5
905,2023,1,Zango-Kataf,Female,0,0,0,0,1,0,0,0,1
906,2023,2,Zango-Kataf,Male,0,0,1,1,1,3,0,0,6
907,2023,2,Zango-Kataf,Female,0,0,0,1,0,0,0,0,1
908,2023,3,Zango-Kataf,Male,0,0,0,0,0,3,1,0,4
909,2023,3,Zango-Kataf,Female,0,0,0,0,0,2,0,1,3
910,2023,4,Zango-Kataf,Male,0,0,1,0,0,2,0,1,4
911,2023,4,Zango-Kataf,Female,0,0,0,2,1,1,0,0,4
912,2023,1,Zaria,Male,0,0,0,4,3,0,0,0,7
913,2023,1,Zaria,Female,0,0,0,0,2,0,0,0,2
914,2023,2,Zaria,Male,0,0,0,3,2,1,0,0,6
915,2023,2,Zaria,Female,0,0,0,2,1,1,0,0,4
916,2023,3,Zaria,Male,0,0,2,0,0,0,0,0,2
917,2023,3,Zaria,Female,0,0,0,1,0,0,0,0,1
918,2023,4,Zaria,Male,0,0,0,2,3,0,0,0,5
919,2023,4,Zaria,Female,0,0,0,0,1,0,0,0,1
